GO.ID	Term	Annotated	Significant	Expected	classicFisher	commun
GO:0051436	negative regulation of ubiquitin-protein ligase activity involved in mitotic cell cycle	70	10	0.45	1.5e-11	1
GO:0051437	positive regulation of ubiquitin-protein ligase activity involved in regulation of mitotic cell cycle transition	72	10	0.46	2.0e-11	1
GO:0031145	anaphase-promoting complex-dependent catabolic process	74	10	0.47	2.6e-11	1
GO:0006614	SRP-dependent cotranslational protein targeting to membrane	93	9	0.59	5.9e-09	1
GO:0006413	translational initiation	167	11	1.07	6.4e-09	1
GO:0006521	regulation of cellular amino acid metabolic process	47	7	0.3	1.5e-08	1
GO:0002479	antigen processing and presentation of exogenous peptide antigen via MHC class I, TAP-dependent	50	7	0.32	2.4e-08	1
GO:0006364	rRNA processing	240	12	1.53	2.7e-08	1
GO:0000184	nuclear-transcribed mRNA catabolic process, nonsense-mediated decay	114	9	0.73	3.6e-08	1
GO:0019083	viral transcription	168	10	1.07	8.8e-08	1
GO:0060071	Wnt signaling pathway, planar cell polarity pathway	80	7	0.51	6.6e-07	1
GO:0038061	NIK/NF-kappaB signaling	86	7	0.55	1.1e-06	1
GO:0002223	stimulatory C-type lectin receptor signaling pathway	86	7	0.55	1.1e-06	1
GO:0090263	positive regulation of canonical Wnt signaling pathway	96	7	0.61	2.3e-06	1
GO:0000209	protein polyubiquitination	190	9	1.21	2.8e-06	1
GO:0038095	Fc-epsilon receptor signaling pathway	102	7	0.65	3.4e-06	1
GO:0033209	tumor necrosis factor-mediated signaling pathway	111	7	0.71	6.1e-06	1
GO:0050852	T cell receptor signaling pathway	115	7	0.73	7.7e-06	1
GO:0090090	negative regulation of canonical Wnt signaling pathway	124	7	0.79	1.3e-05	1
GO:0043488	regulation of mRNA stability	124	7	0.79	1.3e-05	1
GO:0000398	mRNA splicing, via spliceosome	268	14	1.71	1.3e-05	1
GO:0051301	cell division	428	12	2.73	1.3e-05	1
GO:0007067	mitotic nuclear division	363	10	2.32	8.7e-05	1
GO:0002181	cytoplasmic translation	47	4	0.3	0.00022	1
GO:0000245	spliceosomal complex assembly	47	4	0.3	0.00022	1
GO:0006281	DNA repair	403	9	2.57	0.00094	1
GO:0006614	SRP-dependent cotranslational protein targeting to membrane	93	18	1.27	2.4e-16	2
GO:0000184	nuclear-transcribed mRNA catabolic process, nonsense-mediated decay	114	19	1.55	6.2e-16	2
GO:0006364	rRNA processing	240	25	3.27	1.1e-15	2
GO:0019083	viral transcription	168	22	2.29	6.6e-14	2
GO:0006413	translational initiation	167	19	2.28	8.1e-13	2
GO:0000398	mRNA splicing, via spliceosome	268	33	3.65	3.0e-11	2
GO:0051437	positive regulation of ubiquitin-protein ligase activity involved in regulation of mitotic cell cycle transition	72	12	0.98	1.9e-10	2
GO:0031145	anaphase-promoting complex-dependent catabolic process	74	12	1.01	2.6e-10	2
GO:0051436	negative regulation of ubiquitin-protein ligase activity involved in mitotic cell cycle	70	11	0.95	2.1e-09	2
GO:0051301	cell division	428	23	5.83	1.3e-08	2
GO:0000387	spliceosomal snRNP assembly	37	10	0.5	3.3e-08	2
GO:0000245	spliceosomal complex assembly	47	10	0.64	3.4e-08	2
GO:0042795	snRNA transcription from RNA polymerase II promoter	66	9	0.9	2.3e-07	2
GO:0007067	mitotic nuclear division	363	22	4.95	7.8e-07	2
GO:0006521	regulation of cellular amino acid metabolic process	47	7	0.64	3.0e-06	2
GO:0006370	7-methylguanosine mRNA capping	32	6	0.44	3.9e-06	2
GO:0002479	antigen processing and presentation of exogenous peptide antigen via MHC class I, TAP-dependent	50	7	0.68	4.5e-06	2
GO:0006283	transcription-coupled nucleotide-excision repair	73	8	0.99	6.1e-06	2
GO:0006383	transcription from RNA polymerase III promoter	47	6	0.64	3.9e-05	2
GO:1904874	positive regulation of telomerase RNA localization to Cajal body	15	4	0.2	4.0e-05	2
GO:0060071	Wnt signaling pathway, planar cell polarity pathway	80	7	1.09	0.00010	2
GO:0033209	tumor necrosis factor-mediated signaling pathway	111	8	1.51	0.00013	2
GO:0002223	stimulatory C-type lectin receptor signaling pathway	86	7	1.17	0.00016	2
GO:0038061	NIK/NF-kappaB signaling	86	7	1.17	0.00016	2
GO:0008334	histone mRNA metabolic process	21	4	0.29	0.00016	2
GO:0007062	sister chromatid cohesion	115	8	1.57	0.00017	2
GO:0006369	termination of RNA polymerase II transcription	61	6	0.83	0.00017	2
GO:0090263	positive regulation of canonical Wnt signaling pathway	96	7	1.31	0.00032	2
GO:0000244	spliceosomal tri-snRNP complex assembly	11	3	0.15	0.00038	2
GO:0051170	nuclear import	200	10	2.73	0.00039	2
GO:0038095	Fc-epsilon receptor signaling pathway	102	7	1.39	0.00047	2
GO:0030261	chromosome condensation	30	4	0.41	0.00069	2
GO:0016032	viral process	690	37	9.4	0.00084	2
GO:0050852	T cell receptor signaling pathway	115	7	1.57	0.00096	2
GO:0000184	nuclear-transcribed mRNA catabolic process, nonsense-mediated decay	114	18	1.53	7.7e-15	3
GO:0006614	SRP-dependent cotranslational protein targeting to membrane	93	16	1.25	6.6e-14	3
GO:0006364	rRNA processing	240	23	3.22	7.2e-14	3
GO:0006413	translational initiation	167	19	2.24	6.0e-13	3
GO:0019083	viral transcription	168	20	2.25	8.8e-12	3
GO:0051436	negative regulation of ubiquitin-protein ligase activity involved in mitotic cell cycle	70	11	0.94	1.8e-09	3
GO:0051437	positive regulation of ubiquitin-protein ligase activity involved in regulation of mitotic cell cycle transition	72	11	0.97	2.4e-09	3
GO:0006283	transcription-coupled nucleotide-excision repair	73	11	0.98	2.8e-09	3
GO:0031145	anaphase-promoting complex-dependent catabolic process	74	11	0.99	3.3e-09	3
GO:0006370	7-methylguanosine mRNA capping	32	7	0.43	1.7e-07	3
GO:0051301	cell division	428	20	5.74	9.1e-07	3
GO:0006521	regulation of cellular amino acid metabolic process	47	7	0.63	2.7e-06	3
GO:0002479	antigen processing and presentation of exogenous peptide antigen via MHC class I, TAP-dependent	50	7	0.67	4.1e-06	3
GO:0000387	spliceosomal snRNP assembly	37	6	0.5	8.5e-06	3
GO:0000398	mRNA splicing, via spliceosome	268	25	3.59	9.5e-06	3
GO:0007067	mitotic nuclear division	363	19	4.87	1.3e-05	3
GO:0033260	nuclear DNA replication	24	5	0.32	1.4e-05	3
GO:0000245	spliceosomal complex assembly	47	8	0.63	1.9e-05	3
GO:0042795	snRNA transcription from RNA polymerase II promoter	66	7	0.89	2.7e-05	3
GO:0060071	Wnt signaling pathway, planar cell polarity pathway	80	7	1.07	9.3e-05	3
GO:0033209	tumor necrosis factor-mediated signaling pathway	111	8	1.49	0.00012	3
GO:0002223	stimulatory C-type lectin receptor signaling pathway	86	7	1.15	0.00015	3
GO:0038061	NIK/NF-kappaB signaling	86	7	1.15	0.00015	3
GO:0033120	positive regulation of RNA splicing	23	4	0.31	0.00022	3
GO:0040001	establishment of mitotic spindle localization	23	4	0.31	0.00022	3
GO:0000209	protein polyubiquitination	190	10	2.55	0.00023	3
GO:0043488	regulation of mRNA stability	124	8	1.66	0.00025	3
GO:0000083	regulation of transcription involved in G1/S transition of mitotic cell cycle	24	4	0.32	0.00027	3
GO:0090263	positive regulation of canonical Wnt signaling pathway	96	7	1.29	0.00029	3
GO:0006418	tRNA aminoacylation for protein translation	46	5	0.62	0.00035	3
GO:0034644	cellular response to UV	47	5	0.63	0.00039	3
GO:0006383	transcription from RNA polymerase III promoter	47	5	0.63	0.00039	3
GO:0038095	Fc-epsilon receptor signaling pathway	102	7	1.37	0.00042	3
GO:0022618	ribonucleoprotein complex assembly	183	18	2.45	0.00050	3
GO:0048024	regulation of mRNA splicing, via spliceosome	53	5	0.71	0.00069	3
GO:0006363	termination of RNA polymerase I transcription	32	4	0.43	0.00083	3
GO:0016032	viral process	690	35	9.25	0.00084	3
GO:0050852	T cell receptor signaling pathway	115	7	1.54	0.00087	3
GO:0006362	transcription elongation from RNA polymerase I promoter	33	4	0.44	0.00093	3
GO:1904874	positive regulation of telomerase RNA localization to Cajal body	15	3	0.2	0.00095	3
GO:0006364	rRNA processing	240	24	3.61	1.1e-13	4
GO:0000184	nuclear-transcribed mRNA catabolic process, nonsense-mediated decay	114	17	1.71	8.2e-13	4
GO:0051437	positive regulation of ubiquitin-protein ligase activity involved in regulation of mitotic cell cycle transition	72	14	1.08	2.2e-12	4
GO:0031145	anaphase-promoting complex-dependent catabolic process	74	14	1.11	3.3e-12	4
GO:0006413	translational initiation	167	19	2.51	4.9e-12	4
GO:0006614	SRP-dependent cotranslational protein targeting to membrane	93	15	1.4	6.1e-12	4
GO:0051436	negative regulation of ubiquitin-protein ligase activity involved in mitotic cell cycle	70	13	1.05	2.6e-11	4
GO:0019083	viral transcription	168	18	2.53	5.2e-11	4
GO:0006521	regulation of cellular amino acid metabolic process	47	10	0.71	1.4e-09	4
GO:0002479	antigen processing and presentation of exogenous peptide antigen via MHC class I, TAP-dependent	50	10	0.75	2.6e-09	4
GO:0000398	mRNA splicing, via spliceosome	268	27	4.03	2.9e-09	4
GO:0051301	cell division	428	24	6.44	1.9e-08	4
GO:0060071	Wnt signaling pathway, planar cell polarity pathway	80	10	1.2	2.9e-07	4
GO:0002223	stimulatory C-type lectin receptor signaling pathway	86	10	1.29	5.7e-07	4
GO:0038061	NIK/NF-kappaB signaling	86	10	1.29	5.7e-07	4
GO:0033209	tumor necrosis factor-mediated signaling pathway	111	11	1.67	7.8e-07	4
GO:0090263	positive regulation of canonical Wnt signaling pathway	96	10	1.44	1.6e-06	4
GO:0043488	regulation of mRNA stability	124	11	1.86	2.4e-06	4
GO:0038095	Fc-epsilon receptor signaling pathway	102	10	1.53	2.8e-06	4
GO:0006418	tRNA aminoacylation for protein translation	46	7	0.69	4.9e-06	4
GO:0000245	spliceosomal complex assembly	47	7	0.71	5.7e-06	4
GO:0006370	7-methylguanosine mRNA capping	32	6	0.48	6.8e-06	4
GO:0050852	T cell receptor signaling pathway	115	10	1.73	8.3e-06	4
GO:0090090	negative regulation of canonical Wnt signaling pathway	124	10	1.86	1.6e-05	4
GO:0033260	nuclear DNA replication	24	5	0.36	2.4e-05	4
GO:0000209	protein polyubiquitination	190	12	2.86	2.7e-05	4
GO:0006369	termination of RNA polymerase II transcription	61	7	0.92	3.3e-05	4
GO:0007067	mitotic nuclear division	363	22	5.46	4.3e-05	4
GO:0016032	viral process	690	37	10.37	5.6e-05	4
GO:0006283	transcription-coupled nucleotide-excision repair	73	7	1.1	0.00011	4
GO:0000387	spliceosomal snRNP assembly	37	5	0.56	0.00021	4
GO:0008334	histone mRNA metabolic process	21	4	0.32	0.00024	4
GO:0007062	sister chromatid cohesion	115	8	1.73	0.00033	4
GO:0040001	establishment of mitotic spindle localization	23	4	0.35	0.00035	4
GO:0042795	snRNA transcription from RNA polymerase II promoter	66	6	0.99	0.00045	4
GO:0090307	mitotic spindle assembly	44	5	0.66	0.00048	4
GO:0009263	deoxyribonucleotide biosynthetic process	11	3	0.17	0.00050	4
GO:0002181	cytoplasmic translation	47	5	0.71	0.00066	4
GO:0006383	transcription from RNA polymerase III promoter	47	5	0.71	0.00066	4
GO:0032481	positive regulation of type I interferon production	49	5	0.74	0.00080	4
GO:0006364	rRNA processing	240	28	3.71	2.6e-17	5
GO:0000184	nuclear-transcribed mRNA catabolic process, nonsense-mediated decay	114	19	1.76	6.9e-15	5
GO:0006614	SRP-dependent cotranslational protein targeting to membrane	93	17	1.44	4.0e-14	5
GO:0006413	translational initiation	167	20	2.58	8.4e-13	5
GO:0031145	anaphase-promoting complex-dependent catabolic process	74	14	1.14	4.9e-12	5
GO:0019083	viral transcription	168	21	2.6	7.8e-12	5
GO:0051436	negative regulation of ubiquitin-protein ligase activity involved in mitotic cell cycle	70	13	1.08	3.7e-11	5
GO:0051437	positive regulation of ubiquitin-protein ligase activity involved in regulation of mitotic cell cycle transition	72	13	1.11	5.4e-11	5
GO:0006521	regulation of cellular amino acid metabolic process	47	10	0.73	1.8e-09	5
GO:0002479	antigen processing and presentation of exogenous peptide antigen via MHC class I, TAP-dependent	50	10	0.77	3.5e-09	5
GO:0006283	transcription-coupled nucleotide-excision repair	73	11	1.13	1.3e-08	5
GO:0000398	mRNA splicing, via spliceosome	268	28	4.15	3.1e-08	5
GO:0051301	cell division	428	24	6.62	3.3e-08	5
GO:0060071	Wnt signaling pathway, planar cell polarity pathway	80	10	1.24	3.7e-07	5
GO:0043488	regulation of mRNA stability	124	12	1.92	4.3e-07	5
GO:0006370	7-methylguanosine mRNA capping	32	7	0.49	4.5e-07	5
GO:0007067	mitotic nuclear division	363	23	5.61	5.0e-07	5
GO:0042795	snRNA transcription from RNA polymerase II promoter	66	9	1.02	6.9e-07	5
GO:0002223	stimulatory C-type lectin receptor signaling pathway	86	10	1.33	7.4e-07	5
GO:0038061	NIK/NF-kappaB signaling	86	10	1.33	7.4e-07	5
GO:0033209	tumor necrosis factor-mediated signaling pathway	111	11	1.72	1.0e-06	5
GO:0000387	spliceosomal snRNP assembly	37	7	0.57	1.3e-06	5
GO:0090263	positive regulation of canonical Wnt signaling pathway	96	10	1.48	2.1e-06	5
GO:0038095	Fc-epsilon receptor signaling pathway	102	10	1.58	3.6e-06	5
GO:0006369	termination of RNA polymerase II transcription	61	8	0.94	4.0e-06	5
GO:0050852	T cell receptor signaling pathway	115	10	1.78	1.1e-05	5
GO:0090090	negative regulation of canonical Wnt signaling pathway	124	10	1.92	2.1e-05	5
GO:0000209	protein polyubiquitination	190	12	2.94	3.6e-05	5
GO:0000245	spliceosomal complex assembly	47	6	0.73	7.9e-05	5
GO:0006363	termination of RNA polymerase I transcription	32	5	0.49	0.00012	5
GO:0006362	transcription elongation from RNA polymerase I promoter	33	5	0.51	0.00014	5
GO:0048024	regulation of mRNA splicing, via spliceosome	53	6	0.82	0.00016	5
GO:0006361	transcription initiation from RNA polymerase I promoter	34	5	0.53	0.00016	5
GO:0015991	ATP hydrolysis coupled proton transport	20	4	0.31	0.00022	5
GO:0008334	histone mRNA metabolic process	21	4	0.32	0.00027	5
GO:0090383	phagosome acidification	22	4	0.34	0.00032	5
GO:0007062	sister chromatid cohesion	115	8	1.78	0.00040	5
GO:0034644	cellular response to UV	47	5	0.73	0.00075	5
GO:0033572	transferrin transport	28	4	0.43	0.00084	5
GO:0006364	rRNA processing	240	36	5.48	6.3e-20	6
GO:0000184	nuclear-transcribed mRNA catabolic process, nonsense-mediated decay	114	25	2.6	3.7e-18	6
GO:0006413	translational initiation	167	29	3.81	5.8e-18	6
GO:0051436	negative regulation of ubiquitin-protein ligase activity involved in mitotic cell cycle	70	20	1.6	3.5e-17	6
GO:0051437	positive regulation of ubiquitin-protein ligase activity involved in regulation of mitotic cell cycle transition	72	20	1.64	6.6e-17	6
GO:0006614	SRP-dependent cotranslational protein targeting to membrane	93	22	2.12	7.5e-17	6
GO:0031145	anaphase-promoting complex-dependent catabolic process	74	20	1.69	1.2e-16	6
GO:0019083	viral transcription	168	29	3.83	6.9e-14	6
GO:0006521	regulation of cellular amino acid metabolic process	47	13	1.07	2.2e-11	6
GO:0002479	antigen processing and presentation of exogenous peptide antigen via MHC class I, TAP-dependent	50	13	1.14	5.3e-11	6
GO:0000398	mRNA splicing, via spliceosome	268	41	6.12	7.0e-09	6
GO:0051301	cell division	428	31	9.77	8.9e-09	6
GO:0060071	Wnt signaling pathway, planar cell polarity pathway	80	13	1.83	2.6e-08	6
GO:0033209	tumor necrosis factor-mediated signaling pathway	111	15	2.53	2.8e-08	6
GO:0090263	positive regulation of canonical Wnt signaling pathway	96	14	2.19	3.1e-08	6
GO:0038061	NIK/NF-kappaB signaling	86	13	1.96	6.3e-08	6
GO:0002223	stimulatory C-type lectin receptor signaling pathway	86	13	1.96	6.3e-08	6
GO:0042795	snRNA transcription from RNA polymerase II promoter	66	11	1.51	2.4e-07	6
GO:0006370	7-methylguanosine mRNA capping	32	8	0.73	4.2e-07	6
GO:0038095	Fc-epsilon receptor signaling pathway	102	13	2.33	4.9e-07	6
GO:0006283	transcription-coupled nucleotide-excision repair	73	11	1.67	6.9e-07	6
GO:0043488	regulation of mRNA stability	124	14	2.83	8.0e-07	6
GO:0006383	transcription from RNA polymerase III promoter	47	9	1.07	9.1e-07	6
GO:0006369	termination of RNA polymerase II transcription	61	10	1.39	1.0e-06	6
GO:0000387	spliceosomal snRNP assembly	37	10	0.84	1.2e-06	6
GO:0050852	T cell receptor signaling pathway	115	13	2.62	2.0e-06	6
GO:0000209	protein polyubiquitination	190	19	4.34	3.9e-06	6
GO:0090090	negative regulation of canonical Wnt signaling pathway	124	13	2.83	4.6e-06	6
GO:0002181	cytoplasmic translation	47	8	1.07	9.4e-06	6
GO:0007067	mitotic nuclear division	363	27	8.28	1.2e-05	6
GO:0000245	spliceosomal complex assembly	47	10	1.07	1.9e-05	6
GO:0050434	positive regulation of viral transcription	38	7	0.87	2.0e-05	6
GO:0006363	termination of RNA polymerase I transcription	32	6	0.73	7.3e-05	6
GO:0006418	tRNA aminoacylation for protein translation	46	7	1.05	7.3e-05	6
GO:0006362	transcription elongation from RNA polymerase I promoter	33	6	0.75	8.7e-05	6
GO:0008334	histone mRNA metabolic process	21	5	0.48	8.9e-05	6
GO:0006891	intra-Golgi vesicle-mediated transport	34	6	0.78	0.00010	6
GO:0006361	transcription initiation from RNA polymerase I promoter	34	6	0.78	0.00010	6
GO:0032481	positive regulation of type I interferon production	49	7	1.12	0.00011	6
GO:0016032	viral process	690	53	15.75	0.00011	6
GO:0006368	transcription elongation from RNA polymerase II promoter	86	9	1.96	0.00014	6
GO:0042255	ribosome assembly	51	7	1.16	0.00014	6
GO:0000083	regulation of transcription involved in G1/S transition of mitotic cell cycle	24	5	0.55	0.00018	6
GO:1901998	toxin transport	25	5	0.57	0.00022	6
GO:1904874	positive regulation of telomerase RNA localization to Cajal body	15	4	0.34	0.00030	6
GO:0045292	mRNA cis splicing, via spliceosome	16	4	0.37	0.00039	6
GO:0042273	ribosomal large subunit biogenesis	62	7	1.42	0.00050	6
GO:0042276	error-prone translesion synthesis	17	4	0.39	0.00050	6
GO:0000722	telomere maintenance via recombination	30	5	0.68	0.00053	6
GO:2000573	positive regulation of DNA biosynthetic process	46	6	1.05	0.00058	6
GO:0070987	error-free translesion synthesis	18	4	0.41	0.00063	6
GO:0006367	transcription initiation from RNA polymerase II promoter	152	11	3.47	0.00070	6
GO:0006890	retrograde vesicle-mediated transport, Golgi to ER	66	7	1.51	0.00073	6
GO:0097421	liver regeneration	20	4	0.46	0.00096	6
GO:0006364	rRNA processing	240	46	6.83	1.9e-22	7
GO:0006413	translational initiation	167	33	4.75	4.0e-19	7
GO:0000184	nuclear-transcribed mRNA catabolic process, nonsense-mediated decay	114	28	3.24	4.9e-19	7
GO:0006614	SRP-dependent cotranslational protein targeting to membrane	93	25	2.65	3.9e-18	7
GO:0019083	viral transcription	168	33	4.78	1.3e-16	7
GO:0051437	positive regulation of ubiquitin-protein ligase activity involved in regulation of mitotic cell cycle transition	72	21	2.05	3.3e-16	7
GO:0031145	anaphase-promoting complex-dependent catabolic process	74	21	2.11	6.1e-16	7
GO:0051436	negative regulation of ubiquitin-protein ligase activity involved in mitotic cell cycle	70	20	1.99	2.7e-15	7
GO:0000398	mRNA splicing, via spliceosome	268	51	7.62	2.5e-12	7
GO:0006283	transcription-coupled nucleotide-excision repair	73	16	2.08	1.4e-10	7
GO:0006521	regulation of cellular amino acid metabolic process	47	13	1.34	3.5e-10	7
GO:0002479	antigen processing and presentation of exogenous peptide antigen via MHC class I, TAP-dependent	50	13	1.42	8.3e-10	7
GO:0051301	cell division	428	36	12.18	3.9e-09	7
GO:0000387	spliceosomal snRNP assembly	37	12	1.05	2.0e-08	7
GO:0007067	mitotic nuclear division	363	35	10.33	5.2e-08	7
GO:0006369	termination of RNA polymerase II transcription	61	12	1.74	1.1e-07	7
GO:0042795	snRNA transcription from RNA polymerase II promoter	66	12	1.88	2.7e-07	7
GO:0060071	Wnt signaling pathway, planar cell polarity pathway	80	13	2.28	3.4e-07	7
GO:0090263	positive regulation of canonical Wnt signaling pathway	96	14	2.73	4.8e-07	7
GO:0033209	tumor necrosis factor-mediated signaling pathway	111	15	3.16	5.1e-07	7
GO:0038061	NIK/NF-kappaB signaling	86	13	2.45	8.1e-07	7
GO:0002223	stimulatory C-type lectin receptor signaling pathway	86	13	2.45	8.1e-07	7
GO:0000722	telomere maintenance via recombination	30	8	0.85	1.3e-06	7
GO:0006370	7-methylguanosine mRNA capping	32	8	0.91	2.2e-06	7
GO:0016032	viral process	690	65	19.63	2.7e-06	7
GO:0042769	DNA damage response, detection of DNA damage	35	8	1	4.7e-06	7
GO:0042276	error-prone translesion synthesis	17	6	0.48	4.8e-06	7
GO:0000245	spliceosomal complex assembly	47	12	1.34	5.2e-06	7
GO:0006383	transcription from RNA polymerase III promoter	47	9	1.34	5.6e-06	7
GO:0038095	Fc-epsilon receptor signaling pathway	102	13	2.9	5.8e-06	7
GO:0070987	error-free translesion synthesis	18	6	0.51	7.0e-06	7
GO:0032481	positive regulation of type I interferon production	49	9	1.39	8.1e-06	7
GO:0050852	T cell receptor signaling pathway	115	13	3.27	2.2e-05	7
GO:0006271	DNA strand elongation involved in DNA replication	22	6	0.63	2.5e-05	7
GO:0006363	termination of RNA polymerase I transcription	32	7	0.91	2.5e-05	7
GO:0006362	transcription elongation from RNA polymerase I promoter	33	7	0.94	3.2e-05	7
GO:0006297	nucleotide-excision repair, DNA gap filling	23	6	0.65	3.4e-05	7
GO:0006361	transcription initiation from RNA polymerase I promoter	34	7	0.97	3.9e-05	7
GO:0043488	regulation of mRNA stability	124	13	3.53	4.9e-05	7
GO:0090090	negative regulation of canonical Wnt signaling pathway	124	13	3.53	4.9e-05	7
GO:0000209	protein polyubiquitination	190	19	5.41	5.6e-05	7
GO:0031124	mRNA 3'-end processing	79	10	2.25	7.5e-05	7
GO:0006296	nucleotide-excision repair, DNA incision, 5'-to lesion	38	7	1.08	8.3e-05	7
GO:0007062	sister chromatid cohesion	115	12	3.27	1.0e-04	7
GO:0042255	ribosome assembly	51	10	1.45	0.00016	7
GO:0009263	deoxyribonucleotide biosynthetic process	11	4	0.31	0.00018	7
GO:0001833	inner cell mass cell proliferation	11	4	0.31	0.00018	7
GO:0051170	nuclear import	200	16	5.69	0.00018	7
GO:0006376	mRNA splice site selection	21	5	0.6	0.00025	7
GO:0008334	histone mRNA metabolic process	21	5	0.6	0.00025	7
GO:0006418	tRNA aminoacylation for protein translation	46	7	1.31	0.00029	7
GO:0033260	nuclear DNA replication	24	5	0.68	0.00049	7
GO:0000083	regulation of transcription involved in G1/S transition of mitotic cell cycle	24	5	0.68	0.00049	7
GO:0048024	regulation of mRNA splicing, via spliceosome	53	9	1.51	0.00056	7
GO:0006406	mRNA export from nucleus	101	10	2.87	0.00058	7
GO:0050434	positive regulation of viral transcription	38	6	1.08	0.00064	7
GO:1903955	positive regulation of protein targeting to mitochondrion	68	8	1.93	0.00065	7
GO:0032508	DNA duplex unwinding	68	8	1.93	0.00065	7
GO:1904874	positive regulation of telomerase RNA localization to Cajal body	15	4	0.43	0.00068	7
GO:0006368	transcription elongation from RNA polymerase II promoter	86	9	2.45	0.00072	7
GO:0045292	mRNA cis splicing, via spliceosome	16	4	0.46	0.00089	7
GO:0006364	rRNA processing	240	32	4.85	7.9e-18	8
GO:0000184	nuclear-transcribed mRNA catabolic process, nonsense-mediated decay	114	19	2.31	9.9e-13	8
GO:0000398	mRNA splicing, via spliceosome	268	39	5.42	2.0e-12	8
GO:0006614	SRP-dependent cotranslational protein targeting to membrane	93	17	1.88	3.5e-12	8
GO:0006413	translational initiation	167	23	3.38	4.7e-12	8
GO:0019083	viral transcription	168	23	3.4	8.1e-12	8
GO:0051436	negative regulation of ubiquitin-protein ligase activity involved in mitotic cell cycle	70	13	1.42	1.1e-09	8
GO:0051437	positive regulation of ubiquitin-protein ligase activity involved in regulation of mitotic cell cycle transition	72	13	1.46	1.6e-09	8
GO:0006283	transcription-coupled nucleotide-excision repair	73	13	1.48	1.9e-09	8
GO:0000387	spliceosomal snRNP assembly	37	10	0.75	2.0e-09	8
GO:0031145	anaphase-promoting complex-dependent catabolic process	74	13	1.5	2.2e-09	8
GO:0006521	regulation of cellular amino acid metabolic process	47	10	0.95	2.4e-08	8
GO:0051301	cell division	428	28	8.66	3.1e-08	8
GO:0002479	antigen processing and presentation of exogenous peptide antigen via MHC class I, TAP-dependent	50	10	1.01	4.6e-08	8
GO:0007067	mitotic nuclear division	363	27	7.34	1.1e-07	8
GO:0000245	spliceosomal complex assembly	47	9	0.95	3.3e-07	8
GO:0042276	error-prone translesion synthesis	17	6	0.34	6.5e-07	8
GO:0006370	7-methylguanosine mRNA capping	32	7	0.65	2.7e-06	8
GO:0060071	Wnt signaling pathway, planar cell polarity pathway	80	10	1.62	4.3e-06	8
GO:0042795	snRNA transcription from RNA polymerase II promoter	66	9	1.33	6.4e-06	8
GO:0043488	regulation of mRNA stability	124	12	2.51	7.3e-06	8
GO:0038061	NIK/NF-kappaB signaling	86	10	1.74	8.4e-06	8
GO:0002223	stimulatory C-type lectin receptor signaling pathway	86	10	1.74	8.4e-06	8
GO:0033209	tumor necrosis factor-mediated signaling pathway	111	11	2.25	1.4e-05	8
GO:0090263	positive regulation of canonical Wnt signaling pathway	96	10	1.94	2.3e-05	8
GO:0000722	telomere maintenance via recombination	30	6	0.61	2.5e-05	8
GO:0006369	termination of RNA polymerase II transcription	61	8	1.23	2.8e-05	8
GO:0038095	Fc-epsilon receptor signaling pathway	102	10	2.06	3.8e-05	8
GO:0090090	negative regulation of canonical Wnt signaling pathway	124	11	2.51	4.0e-05	8
GO:0001833	inner cell mass cell proliferation	11	4	0.22	4.8e-05	8
GO:0008334	histone mRNA metabolic process	21	5	0.42	5.0e-05	8
GO:0042769	DNA damage response, detection of DNA damage	35	6	0.71	6.3e-05	8
GO:0006271	DNA strand elongation involved in DNA replication	22	5	0.44	6.4e-05	8
GO:0006297	nucleotide-excision repair, DNA gap filling	23	5	0.47	8.0e-05	8
GO:0033260	nuclear DNA replication	24	5	0.49	1.0e-04	8
GO:0000083	regulation of transcription involved in G1/S transition of mitotic cell cycle	24	5	0.49	1.0e-04	8
GO:0006296	nucleotide-excision repair, DNA incision, 5'-to lesion	38	6	0.77	0.00010	8
GO:0050852	T cell receptor signaling pathway	115	10	2.33	0.00011	8
GO:1904874	positive regulation of telomerase RNA localization to Cajal body	15	4	0.3	0.00019	8
GO:0031047	gene silencing by RNA	130	10	2.63	0.00029	8
GO:0006418	tRNA aminoacylation for protein translation	46	6	0.93	0.00030	8
GO:0006383	transcription from RNA polymerase III promoter	47	6	0.95	0.00034	8
GO:0002181	cytoplasmic translation	47	6	0.95	0.00034	8
GO:0070987	error-free translesion synthesis	18	4	0.36	0.00040	8
GO:0006363	termination of RNA polymerase I transcription	32	5	0.65	0.00041	8
GO:0032508	DNA duplex unwinding	68	7	1.38	0.00042	8
GO:0032481	positive regulation of type I interferon production	49	6	0.99	0.00043	8
GO:0000209	protein polyubiquitination	190	12	3.84	0.00046	8
GO:0006362	transcription elongation from RNA polymerase I promoter	33	5	0.67	0.00048	8
GO:0016032	viral process	690	46	13.96	0.00051	8
GO:0007062	sister chromatid cohesion	115	9	2.33	0.00052	8
GO:0006361	transcription initiation from RNA polymerase I promoter	34	5	0.69	0.00055	8
GO:0048024	regulation of mRNA splicing, via spliceosome	53	6	1.07	0.00066	8
GO:0000184	nuclear-transcribed mRNA catabolic process, nonsense-mediated decay	114	33	3.79	1.3e-22	9
GO:0006614	SRP-dependent cotranslational protein targeting to membrane	93	29	3.09	5.4e-21	9
GO:0006364	rRNA processing	240	47	7.97	7.9e-21	9
GO:0006413	translational initiation	167	39	5.55	9.8e-21	9
GO:0031145	anaphase-promoting complex-dependent catabolic process	74	24	2.46	5.2e-18	9
GO:0051437	positive regulation of ubiquitin-protein ligase activity involved in regulation of mitotic cell cycle transition	72	23	2.39	3.8e-17	9
GO:0019083	viral transcription	168	37	5.58	7.3e-17	9
GO:0051436	negative regulation of ubiquitin-protein ligase activity involved in mitotic cell cycle	70	22	2.32	2.8e-16	9
GO:0000398	mRNA splicing, via spliceosome	268	58	8.9	4.3e-16	9
GO:0006283	transcription-coupled nucleotide-excision repair	73	18	2.42	1.5e-11	9
GO:0006521	regulation of cellular amino acid metabolic process	47	14	1.56	1.9e-10	9
GO:0002479	antigen processing and presentation of exogenous peptide antigen via MHC class I, TAP-dependent	50	14	1.66	4.7e-10	9
GO:0051301	cell division	428	41	14.21	6.4e-10	9
GO:0007067	mitotic nuclear division	363	42	12.05	3.7e-09	9
GO:0042795	snRNA transcription from RNA polymerase II promoter	66	14	2.19	2.4e-08	9
GO:0060071	Wnt signaling pathway, planar cell polarity pathway	80	15	2.66	4.4e-08	9
GO:0006370	7-methylguanosine mRNA capping	32	10	1.06	4.8e-08	9
GO:0000387	spliceosomal snRNP assembly	37	13	1.23	7.5e-08	9
GO:0006270	DNA replication initiation	36	10	1.2	1.7e-07	9
GO:0090263	positive regulation of canonical Wnt signaling pathway	96	15	3.19	5.4e-07	9
GO:0033260	nuclear DNA replication	24	8	0.8	6.2e-07	9
GO:0038061	NIK/NF-kappaB signaling	86	14	2.86	7.7e-07	9
GO:0002223	stimulatory C-type lectin receptor signaling pathway	86	14	2.86	7.7e-07	9
GO:0000245	spliceosomal complex assembly	47	12	1.56	1.2e-06	9
GO:0006383	transcription from RNA polymerase III promoter	47	10	1.56	2.4e-06	9
GO:0043488	regulation of mRNA stability	124	16	4.12	3.1e-06	9
GO:0000027	ribosomal large subunit assembly	21	7	0.7	3.2e-06	9
GO:0033209	tumor necrosis factor-mediated signaling pathway	111	15	3.69	3.6e-06	9
GO:0000722	telomere maintenance via recombination	30	8	1	4.2e-06	9
GO:0006369	termination of RNA polymerase II transcription	61	11	2.03	4.3e-06	9
GO:0006271	DNA strand elongation involved in DNA replication	22	7	0.73	4.6e-06	9
GO:0050852	T cell receptor signaling pathway	115	15	3.82	5.6e-06	9
GO:0038095	Fc-epsilon receptor signaling pathway	102	14	3.39	6.3e-06	9
GO:0016032	viral process	690	71	22.91	1.2e-05	9
GO:0006368	transcription elongation from RNA polymerase II promoter	86	12	2.86	2.5e-05	9
GO:0050434	positive regulation of viral transcription	38	8	1.26	2.8e-05	9
GO:0032481	positive regulation of type I interferon production	49	9	1.63	2.8e-05	9
GO:0015991	ATP hydrolysis coupled proton transport	20	6	0.66	3.3e-05	9
GO:0001731	formation of translation preinitiation complex	21	6	0.7	4.5e-05	9
GO:0090090	negative regulation of canonical Wnt signaling pathway	124	14	4.12	6.0e-05	9
GO:0032508	DNA duplex unwinding	68	10	2.26	7.4e-05	9
GO:0006297	nucleotide-excision repair, DNA gap filling	23	6	0.76	8.0e-05	9
GO:1904874	positive regulation of telomerase RNA localization to Cajal body	15	5	0.5	8.9e-05	9
GO:0000083	regulation of transcription involved in G1/S transition of mitotic cell cycle	24	6	0.8	0.00010	9
GO:0006418	tRNA aminoacylation for protein translation	46	8	1.53	0.00012	9
GO:0002181	cytoplasmic translation	47	8	1.56	0.00014	9
GO:0042276	error-prone translesion synthesis	17	5	0.56	0.00017	9
GO:0070987	error-free translesion synthesis	18	5	0.6	0.00023	9
GO:0033572	transferrin transport	28	6	0.93	0.00026	9
GO:0006446	regulation of translational initiation	66	9	2.19	0.00031	9
GO:0000209	protein polyubiquitination	190	20	6.31	0.00031	9
GO:0042273	ribosomal large subunit biogenesis	62	14	2.06	0.00031	9
GO:0009263	deoxyribonucleotide biosynthetic process	11	4	0.37	0.00033	9
GO:0001833	inner cell mass cell proliferation	11	4	0.37	0.00033	9
GO:0000244	spliceosomal tri-snRNP complex assembly	11	4	0.37	0.00033	9
GO:0051170	nuclear import	200	17	6.64	0.00035	9
GO:2001252	positive regulation of chromosome organization	56	8	1.86	0.00048	9
GO:0008334	histone mRNA metabolic process	21	5	0.7	0.00051	9
GO:0006367	transcription initiation from RNA polymerase II promoter	152	14	5.05	0.00052	9
GO:0090383	phagosome acidification	22	5	0.73	0.00065	9
GO:2000573	positive regulation of DNA biosynthetic process	46	7	1.53	0.00073	9
GO:0006891	intra-Golgi vesicle-mediated transport	34	6	1.13	0.00078	9
GO:0034644	cellular response to UV	47	7	1.56	0.00083	9
GO:0042769	DNA damage response, detection of DNA damage	35	6	1.16	0.00092	9
GO:0000184	nuclear-transcribed mRNA catabolic process, nonsense-mediated decay	114	34	3.49	6.3e-25	10
GO:0006413	translational initiation	167	39	5.11	4.1e-24	10
GO:0006614	SRP-dependent cotranslational protein targeting to membrane	93	30	2.85	3.2e-23	10
GO:0051437	positive regulation of ubiquitin-protein ligase activity involved in regulation of mitotic cell cycle transition	72	25	2.2	2.1e-20	10
GO:0006364	rRNA processing	240	45	7.35	2.3e-20	10
GO:0031145	anaphase-promoting complex-dependent catabolic process	74	25	2.27	4.5e-20	10
GO:0019083	viral transcription	168	38	5.14	6.9e-20	10
GO:0051436	negative regulation of ubiquitin-protein ligase activity involved in mitotic cell cycle	70	24	2.14	1.7e-19	10
GO:0000398	mRNA splicing, via spliceosome	268	55	8.2	1.5e-15	10
GO:0006521	regulation of cellular amino acid metabolic process	47	16	1.44	2.5e-13	10
GO:0002479	antigen processing and presentation of exogenous peptide antigen via MHC class I, TAP-dependent	50	16	1.53	7.5e-13	10
GO:0051301	cell division	428	42	13.1	1.3e-11	10
GO:0006283	transcription-coupled nucleotide-excision repair	73	16	2.23	4.3e-10	10
GO:0060071	Wnt signaling pathway, planar cell polarity pathway	80	16	2.45	1.8e-09	10
GO:0090263	positive regulation of canonical Wnt signaling pathway	96	17	2.94	4.0e-09	10
GO:0038061	NIK/NF-kappaB signaling	86	16	2.63	5.5e-09	10
GO:0002223	stimulatory C-type lectin receptor signaling pathway	86	16	2.63	5.5e-09	10
GO:0043488	regulation of mRNA stability	124	19	3.8	5.9e-09	10
GO:0033209	tumor necrosis factor-mediated signaling pathway	111	18	3.4	6.0e-09	10
GO:0006369	termination of RNA polymerase II transcription	61	13	1.87	2.8e-08	10
GO:0000387	spliceosomal snRNP assembly	37	12	1.13	3.8e-08	10
GO:0038095	Fc-epsilon receptor signaling pathway	102	16	3.12	6.9e-08	10
GO:0007067	mitotic nuclear division	363	39	11.11	1.4e-07	10
GO:0006370	7-methylguanosine mRNA capping	32	9	0.98	3.1e-07	10
GO:0050852	T cell receptor signaling pathway	115	16	3.52	3.8e-07	10
GO:0042795	snRNA transcription from RNA polymerase II promoter	66	12	2.02	6.0e-07	10
GO:0006270	DNA replication initiation	36	9	1.1	9.5e-07	10
GO:0090090	negative regulation of canonical Wnt signaling pathway	124	16	3.8	1.1e-06	10
GO:0002181	cytoplasmic translation	47	10	1.44	1.2e-06	10
GO:0007062	sister chromatid cohesion	115	15	3.52	2.0e-06	10
GO:0000209	protein polyubiquitination	190	22	5.82	2.1e-06	10
GO:0033260	nuclear DNA replication	24	7	0.73	5.2e-06	10
GO:0048024	regulation of mRNA splicing, via spliceosome	53	11	1.62	6.5e-06	10
GO:0006418	tRNA aminoacylation for protein translation	46	9	1.41	8.5e-06	10
GO:0000245	spliceosomal complex assembly	47	11	1.44	8.6e-06	10
GO:0009263	deoxyribonucleotide biosynthetic process	11	5	0.34	1.0e-05	10
GO:0032481	positive regulation of type I interferon production	49	9	1.5	1.5e-05	10
GO:0000722	telomere maintenance via recombination	30	7	0.92	2.6e-05	10
GO:0000027	ribosomal large subunit assembly	21	6	0.64	2.9e-05	10
GO:0006271	DNA strand elongation involved in DNA replication	22	6	0.67	3.8e-05	10
GO:0006363	termination of RNA polymerase I transcription	32	7	0.98	4.1e-05	10
GO:0006362	transcription elongation from RNA polymerase I promoter	33	7	1.01	5.0e-05	10
GO:0006406	mRNA export from nucleus	101	12	3.09	5.6e-05	10
GO:0006361	transcription initiation from RNA polymerase I promoter	34	7	1.04	6.2e-05	10
GO:0016032	viral process	690	68	21.12	6.7e-05	10
GO:0000724	double-strand break repair via homologous recombination	73	10	2.23	7.0e-05	10
GO:0042769	DNA damage response, detection of DNA damage	35	7	1.07	7.5e-05	10
GO:0006383	transcription from RNA polymerase III promoter	47	8	1.44	7.8e-05	10
GO:0042276	error-prone translesion synthesis	17	5	0.52	0.00012	10
GO:0050434	positive regulation of viral transcription	38	7	1.16	0.00013	10
GO:0031124	mRNA 3'-end processing	79	10	2.42	0.00014	10
GO:0070987	error-free translesion synthesis	18	5	0.55	0.00016	10
GO:0032508	DNA duplex unwinding	68	9	2.08	0.00021	10
GO:0015991	ATP hydrolysis coupled proton transport	20	5	0.61	0.00028	10
GO:0006368	transcription elongation from RNA polymerase II promoter	86	10	2.63	0.00028	10
GO:0022618	ribonucleoprotein complex assembly	183	37	5.6	0.00033	10
GO:0007052	mitotic spindle organization	44	7	1.35	0.00034	10
GO:0008334	histone mRNA metabolic process	21	5	0.64	0.00035	10
GO:0051170	nuclear import	200	16	6.12	0.00041	10
GO:0090383	phagosome acidification	22	5	0.67	0.00045	10
GO:0006297	nucleotide-excision repair, DNA gap filling	23	5	0.7	0.00055	10
GO:0000070	mitotic sister chromatid segregation	123	15	3.77	0.00064	10
GO:0000083	regulation of transcription involved in G1/S transition of mitotic cell cycle	24	5	0.73	0.00068	10
GO:1904874	positive regulation of telomerase RNA localization to Cajal body	15	4	0.46	0.00090	10
GO:0006450	regulation of translational fidelity	15	4	0.46	0.00090	10
GO:0006296	nucleotide-excision repair, DNA incision, 5'-to lesion	38	6	1.16	0.00094	10
GO:0006413	translational initiation	167	40	4.97	6.3e-26	11
GO:0000184	nuclear-transcribed mRNA catabolic process, nonsense-mediated decay	114	33	3.39	3.7e-24	11
GO:0006614	SRP-dependent cotranslational protein targeting to membrane	93	30	2.77	1.4e-23	11
GO:0019083	viral transcription	168	41	5	1.6e-22	11
GO:0006364	rRNA processing	240	47	7.14	7.4e-22	11
GO:0051437	positive regulation of ubiquitin-protein ligase activity involved in regulation of mitotic cell cycle transition	72	22	2.14	5.3e-17	11
GO:0031145	anaphase-promoting complex-dependent catabolic process	74	22	2.2	1.0e-16	11
GO:0000398	mRNA splicing, via spliceosome	268	52	7.97	1.5e-16	11
GO:0051436	negative regulation of ubiquitin-protein ligase activity involved in mitotic cell cycle	70	21	2.08	4.3e-16	11
GO:0051301	cell division	428	43	12.73	1.2e-12	11
GO:0006521	regulation of cellular amino acid metabolic process	47	14	1.4	4.3e-11	11
GO:0002479	antigen processing and presentation of exogenous peptide antigen via MHC class I, TAP-dependent	50	14	1.49	1.1e-10	11
GO:0000387	spliceosomal snRNP assembly	37	11	1.1	5.7e-09	11
GO:0006283	transcription-coupled nucleotide-excision repair	73	14	2.17	2.3e-08	11
GO:0007067	mitotic nuclear division	363	44	10.8	3.7e-08	11
GO:0060071	Wnt signaling pathway, planar cell polarity pathway	80	14	2.38	7.9e-08	11
GO:0090263	positive regulation of canonical Wnt signaling pathway	96	15	2.86	1.3e-07	11
GO:0043488	regulation of mRNA stability	124	17	3.69	1.3e-07	11
GO:0038061	NIK/NF-kappaB signaling	86	14	2.56	2.0e-07	11
GO:0002223	stimulatory C-type lectin receptor signaling pathway	86	14	2.56	2.0e-07	11
GO:0006370	7-methylguanosine mRNA capping	32	9	0.95	2.5e-07	11
GO:0007062	sister chromatid cohesion	115	16	3.42	2.6e-07	11
GO:0042795	snRNA transcription from RNA polymerase II promoter	66	12	1.96	4.4e-07	11
GO:0006383	transcription from RNA polymerase III promoter	47	10	1.4	9.0e-07	11
GO:0033209	tumor necrosis factor-mediated signaling pathway	111	15	3.3	9.0e-07	11
GO:0038095	Fc-epsilon receptor signaling pathway	102	14	3.03	1.7e-06	11
GO:0090090	negative regulation of canonical Wnt signaling pathway	124	15	3.69	3.7e-06	11
GO:0006418	tRNA aminoacylation for protein translation	46	9	1.37	6.7e-06	11
GO:0000245	spliceosomal complex assembly	47	12	1.4	7.0e-06	11
GO:0050852	T cell receptor signaling pathway	115	14	3.42	7.4e-06	11
GO:0009263	deoxyribonucleotide biosynthetic process	11	5	0.33	9.0e-06	11
GO:0032481	positive regulation of type I interferon production	49	9	1.46	1.2e-05	11
GO:0050434	positive regulation of viral transcription	38	8	1.13	1.2e-05	11
GO:0006368	transcription elongation from RNA polymerase II promoter	86	11	2.56	4.5e-05	11
GO:1904874	positive regulation of telomerase RNA localization to Cajal body	15	5	0.45	5.3e-05	11
GO:0000083	regulation of transcription involved in G1/S transition of mitotic cell cycle	24	6	0.71	5.6e-05	11
GO:0045292	mRNA cis splicing, via spliceosome	16	5	0.48	7.5e-05	11
GO:0006270	DNA replication initiation	36	7	1.07	7.6e-05	11
GO:0016925	protein sumoylation	109	12	3.24	9.0e-05	11
GO:0000209	protein polyubiquitination	190	19	5.65	9.3e-05	11
GO:0051170	nuclear import	200	17	5.95	9.4e-05	11
GO:0042276	error-prone translesion synthesis	17	5	0.51	0.00010	11
GO:0000086	G2/M transition of mitotic cell cycle	147	14	4.37	0.00012	11
GO:0042255	ribosome assembly	51	10	1.52	0.00020	11
GO:0000722	telomere maintenance via recombination	30	6	0.89	0.00021	11
GO:0001833	inner cell mass cell proliferation	11	4	0.33	0.00021	11
GO:0016032	viral process	690	73	20.52	0.00023	11
GO:0090307	mitotic spindle assembly	44	7	1.31	0.00028	11
GO:0007052	mitotic spindle organization	44	7	1.31	0.00028	11
GO:0002181	cytoplasmic translation	47	9	1.4	0.00029	11
GO:0006376	mRNA splice site selection	21	5	0.62	0.00031	11
GO:0008334	histone mRNA metabolic process	21	5	0.62	0.00031	11
GO:0006363	termination of RNA polymerase I transcription	32	6	0.95	0.00031	11
GO:0006362	transcription elongation from RNA polymerase I promoter	33	6	0.98	0.00037	11
GO:0006271	DNA strand elongation involved in DNA replication	22	5	0.65	0.00039	11
GO:0000070	mitotic sister chromatid segregation	123	17	3.66	0.00040	11
GO:0006369	termination of RNA polymerase II transcription	61	8	1.81	0.00042	11
GO:0034644	cellular response to UV	47	7	1.4	0.00043	11
GO:0006361	transcription initiation from RNA polymerase I promoter	34	6	1.01	0.00044	11
GO:0031047	gene silencing by RNA	130	12	3.87	0.00048	11
GO:0006297	nucleotide-excision repair, DNA gap filling	23	5	0.68	0.00049	11
GO:0000462	maturation of SSU-rRNA from tricistronic rRNA transcript (SSU-rRNA, 5.8S rRNA, LSU-rRNA)	35	6	1.04	0.00051	11
GO:0033260	nuclear DNA replication	24	5	0.71	0.00060	11
GO:0072594	establishment of protein localization to organelle	508	53	15.11	0.00073	11
GO:0043968	histone H2A acetylation	15	4	0.45	0.00081	11
GO:0032508	DNA duplex unwinding	68	8	2.02	0.00087	11
GO:0006614	SRP-dependent cotranslational protein targeting to membrane	93	30	2.89	4.9e-23	12
GO:0000184	nuclear-transcribed mRNA catabolic process, nonsense-mediated decay	114	32	3.54	2.1e-22	12
GO:0019083	viral transcription	168	41	5.22	6.8e-22	12
GO:0006413	translational initiation	167	38	5.18	1.5e-21	12
GO:0051437	positive regulation of ubiquitin-protein ligase activity involved in regulation of mitotic cell cycle transition	72	26	2.24	1.5e-21	12
GO:0031145	anaphase-promoting complex-dependent catabolic process	74	26	2.3	3.5e-21	12
GO:0051436	negative regulation of ubiquitin-protein ligase activity involved in mitotic cell cycle	70	25	2.17	1.3e-20	12
GO:0006364	rRNA processing	240	46	7.45	5.3e-19	12
GO:0051301	cell division	428	48	13.29	3.6e-15	12
GO:0000398	mRNA splicing, via spliceosome	268	55	8.32	5.2e-15	12
GO:0006521	regulation of cellular amino acid metabolic process	47	16	1.46	3.1e-13	12
GO:0002479	antigen processing and presentation of exogenous peptide antigen via MHC class I, TAP-dependent	50	16	1.55	9.3e-13	12
GO:0006283	transcription-coupled nucleotide-excision repair	73	18	2.27	5.0e-12	12
GO:0007067	mitotic nuclear division	363	50	11.27	5.6e-12	12
GO:0060071	Wnt signaling pathway, planar cell polarity pathway	80	16	2.48	2.2e-09	12
GO:0090263	positive regulation of canonical Wnt signaling pathway	96	17	2.98	4.9e-09	12
GO:0038061	NIK/NF-kappaB signaling	86	16	2.67	6.7e-09	12
GO:0002223	stimulatory C-type lectin receptor signaling pathway	86	16	2.67	6.7e-09	12
GO:0033209	tumor necrosis factor-mediated signaling pathway	111	18	3.45	7.4e-09	12
GO:0007062	sister chromatid cohesion	115	18	3.57	1.3e-08	12
GO:0006370	7-methylguanosine mRNA capping	32	10	0.99	2.5e-08	12
GO:0000387	spliceosomal snRNP assembly	37	12	1.15	4.3e-08	12
GO:0043488	regulation of mRNA stability	124	18	3.85	4.4e-08	12
GO:0050852	T cell receptor signaling pathway	115	17	3.57	8.1e-08	12
GO:0038095	Fc-epsilon receptor signaling pathway	102	16	3.17	8.4e-08	12
GO:0000722	telomere maintenance via recombination	30	9	0.93	1.9e-07	12
GO:0090090	negative regulation of canonical Wnt signaling pathway	124	17	3.85	2.5e-07	12
GO:0042276	error-prone translesion synthesis	17	7	0.53	3.8e-07	12
GO:0000027	ribosomal large subunit assembly	21	7	0.65	2.1e-06	12
GO:0006376	mRNA splice site selection	21	7	0.65	2.1e-06	12
GO:0000209	protein polyubiquitination	190	23	5.9	2.5e-06	12
GO:0006271	DNA strand elongation involved in DNA replication	22	7	0.68	3.0e-06	12
GO:1904874	positive regulation of telomerase RNA localization to Cajal body	15	6	0.47	3.4e-06	12
GO:0006363	termination of RNA polymerase I transcription	32	8	0.99	4.3e-06	12
GO:0042795	snRNA transcription from RNA polymerase II promoter	66	11	2.05	5.0e-06	12
GO:0006362	transcription elongation from RNA polymerase I promoter	33	8	1.02	5.5e-06	12
GO:0033260	nuclear DNA replication	24	7	0.75	5.7e-06	12
GO:0051170	nuclear import	200	20	6.21	6.6e-06	12
GO:0006361	transcription initiation from RNA polymerase I promoter	34	8	1.06	7.0e-06	12
GO:0000245	spliceosomal complex assembly	47	14	1.46	8.8e-06	12
GO:0006270	DNA replication initiation	36	8	1.12	1.1e-05	12
GO:0031047	gene silencing by RNA	130	15	4.04	1.1e-05	12
GO:0070987	error-free translesion synthesis	18	6	0.56	1.2e-05	12
GO:0000724	double-strand break repair via homologous recombination	73	11	2.27	1.4e-05	12
GO:0006369	termination of RNA polymerase II transcription	61	10	1.89	1.6e-05	12
GO:0050434	positive regulation of viral transcription	38	8	1.18	1.7e-05	12
GO:0016925	protein sumoylation	109	13	3.38	3.1e-05	12
GO:0008380	RNA splicing	347	65	10.77	3.3e-05	12
GO:0000086	G2/M transition of mitotic cell cycle	147	19	4.56	3.4e-05	12
GO:0007052	mitotic spindle organization	44	8	1.37	5.2e-05	12
GO:0006297	nucleotide-excision repair, DNA gap filling	23	6	0.71	5.5e-05	12
GO:0006368	transcription elongation from RNA polymerase II promoter	86	11	2.67	6.6e-05	12
GO:0006418	tRNA aminoacylation for protein translation	46	8	1.43	7.3e-05	12
GO:0042769	DNA damage response, detection of DNA damage	35	7	1.09	8.2e-05	12
GO:0032508	DNA duplex unwinding	68	9	2.11	0.00023	12
GO:0009263	deoxyribonucleotide biosynthetic process	11	4	0.34	0.00025	12
GO:0006406	mRNA export from nucleus	101	11	3.14	0.00028	12
GO:0097421	liver regeneration	20	5	0.62	0.00029	12
GO:0090307	mitotic spindle assembly	44	7	1.37	0.00037	12
GO:0016032	viral process	690	71	21.42	0.00037	12
GO:0008334	histone mRNA metabolic process	21	5	0.65	0.00038	12
GO:0001731	formation of translation preinitiation complex	21	5	0.65	0.00038	12
GO:0051297	centrosome organization	88	10	2.73	0.00038	12
GO:0048026	positive regulation of mRNA splicing, via spliceosome	13	4	0.4	0.00052	12
GO:0000082	G1/S transition of mitotic cell cycle	189	19	5.87	0.00052	12
GO:0000070	mitotic sister chromatid segregation	123	18	3.82	0.00054	12
GO:0002181	cytoplasmic translation	47	7	1.46	0.00056	12
GO:0040001	establishment of mitotic spindle localization	23	5	0.71	0.00059	12
GO:0000154	rRNA modification	23	5	0.71	0.00059	12
GO:0031572	G2 DNA damage checkpoint	28	7	0.87	0.00069	12
GO:0031124	mRNA 3'-end processing	79	9	2.45	0.00072	12
GO:0000083	regulation of transcription involved in G1/S transition of mitotic cell cycle	24	5	0.75	0.00073	12
GO:0022618	ribonucleoprotein complex assembly	183	40	5.68	0.00084	12
GO:0090329	regulation of DNA-dependent DNA replication	37	6	1.15	0.00088	12
GO:1901998	toxin transport	25	5	0.78	0.00089	12
GO:0006260	DNA replication	247	33	7.67	0.00094	12
GO:0006890	retrograde vesicle-mediated transport, Golgi to ER	66	8	2.05	0.00094	12
GO:0000184	nuclear-transcribed mRNA catabolic process, nonsense-mediated decay	114	35	4.09	9.9e-24	13
GO:0006614	SRP-dependent cotranslational protein targeting to membrane	93	32	3.34	1.6e-23	13
GO:0006413	translational initiation	167	42	6	1.6e-22	13
GO:0031145	anaphase-promoting complex-dependent catabolic process	74	26	2.66	1.4e-19	13
GO:0006364	rRNA processing	240	53	8.62	3.2e-19	13
GO:0051437	positive regulation of ubiquitin-protein ligase activity involved in regulation of mitotic cell cycle transition	72	25	2.59	1.0e-18	13
GO:0051436	negative regulation of ubiquitin-protein ligase activity involved in mitotic cell cycle	70	24	2.51	7.3e-18	13
GO:0019083	viral transcription	168	37	6.03	6.4e-16	13
GO:0000398	mRNA splicing, via spliceosome	268	60	9.62	5.9e-15	13
GO:0006521	regulation of cellular amino acid metabolic process	47	17	1.69	1.9e-13	13
GO:0002479	antigen processing and presentation of exogenous peptide antigen via MHC class I, TAP-dependent	50	17	1.8	6.1e-13	13
GO:0038061	NIK/NF-kappaB signaling	86	19	3.09	1.3e-10	13
GO:0060071	Wnt signaling pathway, planar cell polarity pathway	80	18	2.87	2.9e-10	13
GO:0000387	spliceosomal snRNP assembly	37	14	1.33	4.8e-10	13
GO:0006283	transcription-coupled nucleotide-excision repair	73	17	2.62	5.2e-10	13
GO:0090263	positive regulation of canonical Wnt signaling pathway	96	18	3.45	6.7e-09	13
GO:0051301	cell division	428	41	15.37	6.8e-09	13
GO:0002223	stimulatory C-type lectin receptor signaling pathway	86	17	3.09	7.6e-09	13
GO:0042795	snRNA transcription from RNA polymerase II promoter	66	15	2.37	7.9e-09	13
GO:0033209	tumor necrosis factor-mediated signaling pathway	111	19	3.99	1.2e-08	13
GO:0006369	termination of RNA polymerase II transcription	61	14	2.19	2.2e-08	13
GO:0000209	protein polyubiquitination	190	24	6.82	7.1e-08	13
GO:0043488	regulation of mRNA stability	124	19	4.45	7.8e-08	13
GO:0038095	Fc-epsilon receptor signaling pathway	102	17	3.66	1.1e-07	13
GO:0050852	T cell receptor signaling pathway	115	18	4.13	1.2e-07	13
GO:0008334	histone mRNA metabolic process	21	8	0.75	3.4e-07	13
GO:0006383	transcription from RNA polymerase III promoter	47	11	1.69	5.9e-07	13
GO:0006370	7-methylguanosine mRNA capping	32	9	1.15	1.2e-06	13
GO:0090090	negative regulation of canonical Wnt signaling pathway	124	17	4.45	1.9e-06	13
GO:0000470	maturation of LSU-rRNA	26	8	0.93	2.3e-06	13
GO:0007052	mitotic spindle organization	44	10	1.58	2.6e-06	13
GO:0002181	cytoplasmic translation	47	12	1.69	3.3e-06	13
GO:0033572	transferrin transport	28	8	1.01	4.2e-06	13
GO:0000722	telomere maintenance via recombination	30	8	1.08	7.4e-06	13
GO:0048024	regulation of mRNA splicing, via spliceosome	53	10	1.9	1.5e-05	13
GO:0009263	deoxyribonucleotide biosynthetic process	11	5	0.4	2.2e-05	13
GO:0000245	spliceosomal complex assembly	47	12	1.69	2.4e-05	13
GO:0006270	DNA replication initiation	36	8	1.29	3.2e-05	13
GO:0006379	mRNA cleavage	19	6	0.68	3.7e-05	13
GO:0050434	positive regulation of viral transcription	38	8	1.36	4.8e-05	13
GO:0032481	positive regulation of type I interferon production	49	9	1.76	5.1e-05	13
GO:0015991	ATP hydrolysis coupled proton transport	20	6	0.72	5.2e-05	13
GO:0000724	double-strand break repair via homologous recombination	73	11	2.62	5.3e-05	13
GO:0006368	transcription elongation from RNA polymerase II promoter	86	12	3.09	5.3e-05	13
GO:0007067	mitotic nuclear division	363	39	13.04	5.9e-05	13
GO:0007062	sister chromatid cohesion	115	14	4.13	6.0e-05	13
GO:0006406	mRNA export from nucleus	101	13	3.63	6.1e-05	13
GO:0090383	phagosome acidification	22	6	0.79	9.4e-05	13
GO:0006363	termination of RNA polymerase I transcription	32	7	1.15	0.00011	13
GO:0006297	nucleotide-excision repair, DNA gap filling	23	6	0.83	0.00012	13
GO:0033120	positive regulation of RNA splicing	23	6	0.83	0.00012	13
GO:1904874	positive regulation of telomerase RNA localization to Cajal body	15	5	0.54	0.00013	13
GO:0006362	transcription elongation from RNA polymerase I promoter	33	7	1.19	0.00014	13
GO:0033260	nuclear DNA replication	24	6	0.86	0.00016	13
GO:0006361	transcription initiation from RNA polymerase I promoter	34	7	1.22	0.00017	13
GO:0042769	DNA damage response, detection of DNA damage	35	7	1.26	0.00020	13
GO:0031124	mRNA 3'-end processing	79	14	2.84	0.00021	13
GO:0042276	error-prone translesion synthesis	17	5	0.61	0.00025	13
GO:0019081	viral translation	10	4	0.36	0.00029	13
GO:0070987	error-free translesion synthesis	18	5	0.65	0.00034	13
GO:0001833	inner cell mass cell proliferation	11	4	0.4	0.00044	13
GO:0006446	regulation of translational initiation	66	9	2.37	0.00054	13
GO:0042255	ribosome assembly	51	11	1.83	0.00055	13
GO:0015949	nucleobase-containing small molecule interconversion	20	5	0.72	0.00058	13
GO:0050685	positive regulation of mRNA processing	20	5	0.72	0.00058	13
GO:0000027	ribosomal large subunit assembly	21	5	0.75	0.00073	13
GO:0006376	mRNA splice site selection	21	5	0.75	0.00073	13
GO:0001731	formation of translation preinitiation complex	21	5	0.75	0.00073	13
GO:0030071	regulation of mitotic metaphase/anaphase transition	43	7	1.54	0.00076	13
GO:0006378	mRNA polyadenylation	32	6	1.15	0.00084	13
GO:0008033	tRNA processing	96	13	3.45	0.00092	13
GO:0006271	DNA strand elongation involved in DNA replication	22	5	0.79	0.00092	13
GO:0016032	viral process	690	71	24.78	0.00098	13
GO:0000184	nuclear-transcribed mRNA catabolic process, nonsense-mediated decay	114	28	2.76	5.9e-21	14
GO:0006614	SRP-dependent cotranslational protein targeting to membrane	93	24	2.25	1.2e-18	14
GO:0006413	translational initiation	167	30	4.05	3.1e-18	14
GO:0051437	positive regulation of ubiquitin-protein ligase activity involved in regulation of mitotic cell cycle transition	72	20	1.74	2.1e-16	14
GO:0019083	viral transcription	168	31	4.07	2.5e-16	14
GO:0031145	anaphase-promoting complex-dependent catabolic process	74	20	1.79	3.9e-16	14
GO:0051436	negative regulation of ubiquitin-protein ligase activity involved in mitotic cell cycle	70	19	1.7	2.0e-15	14
GO:0006364	rRNA processing	240	32	5.82	1.3e-13	14
GO:0000398	mRNA splicing, via spliceosome	268	48	6.49	6.0e-13	14
GO:0006283	transcription-coupled nucleotide-excision repair	73	15	1.77	1.5e-10	14
GO:0000387	spliceosomal snRNP assembly	37	11	0.9	6.5e-10	14
GO:0051301	cell division	428	34	10.37	6.9e-10	14
GO:0006521	regulation of cellular amino acid metabolic process	47	12	1.14	7.5e-10	14
GO:0002479	antigen processing and presentation of exogenous peptide antigen via MHC class I, TAP-dependent	50	12	1.21	1.6e-09	14
GO:0042795	snRNA transcription from RNA polymerase II promoter	66	13	1.6	4.6e-09	14
GO:0007067	mitotic nuclear division	363	35	8.8	6.7e-09	14
GO:0006370	7-methylguanosine mRNA capping	32	9	0.78	4.2e-08	14
GO:0060071	Wnt signaling pathway, planar cell polarity pathway	80	13	1.94	5.3e-08	14
GO:0000245	spliceosomal complex assembly	47	13	1.14	9.6e-08	14
GO:0043488	regulation of mRNA stability	124	15	3	2.8e-07	14
GO:0033209	tumor necrosis factor-mediated signaling pathway	111	14	2.69	4.2e-07	14
GO:0038061	NIK/NF-kappaB signaling	86	12	2.08	9.6e-07	14
GO:0002223	stimulatory C-type lectin receptor signaling pathway	86	12	2.08	9.6e-07	14
GO:0006369	termination of RNA polymerase II transcription	61	10	1.48	1.7e-06	14
GO:0090263	positive regulation of canonical Wnt signaling pathway	96	12	2.33	3.2e-06	14
GO:0000209	protein polyubiquitination	190	17	4.6	3.3e-06	14
GO:0038095	Fc-epsilon receptor signaling pathway	102	12	2.47	6.0e-06	14
GO:0033260	nuclear DNA replication	24	6	0.58	1.8e-05	14
GO:1904874	positive regulation of telomerase RNA localization to Cajal body	15	5	0.36	2.0e-05	14
GO:0050852	T cell receptor signaling pathway	115	12	2.79	2.1e-05	14
GO:0006368	transcription elongation from RNA polymerase II promoter	86	10	2.08	4.0e-05	14
GO:0090090	negative regulation of canonical Wnt signaling pathway	124	12	3	4.4e-05	14
GO:0009263	deoxyribonucleotide biosynthetic process	11	4	0.27	9.7e-05	14
GO:0001833	inner cell mass cell proliferation	11	4	0.27	9.7e-05	14
GO:0008334	histone mRNA metabolic process	21	5	0.51	0.00012	14
GO:0006376	mRNA splice site selection	21	5	0.51	0.00012	14
GO:0006271	DNA strand elongation involved in DNA replication	22	5	0.53	0.00015	14
GO:0042769	DNA damage response, detection of DNA damage	35	6	0.85	0.00017	14
GO:0016032	viral process	690	57	16.72	0.00018	14
GO:0032508	DNA duplex unwinding	68	8	1.65	0.00022	14
GO:0000083	regulation of transcription involved in G1/S transition of mitotic cell cycle	24	5	0.58	0.00023	14
GO:0050434	positive regulation of viral transcription	38	6	0.92	0.00027	14
GO:1901998	toxin transport	25	5	0.61	0.00029	14
GO:0050684	regulation of mRNA processing	81	13	1.96	0.00043	14
GO:1901992	positive regulation of mitotic cell cycle phase transition	42	6	1.02	0.00048	14
GO:0033572	transferrin transport	28	5	0.68	0.00050	14
GO:0030071	regulation of mitotic metaphase/anaphase transition	43	6	1.04	0.00054	14
GO:0007062	sister chromatid cohesion	115	12	2.79	0.00055	14
GO:0031124	mRNA 3'-end processing	79	8	1.91	0.00062	14
GO:0042276	error-prone translesion synthesis	17	4	0.41	0.00062	14
GO:0000722	telomere maintenance via recombination	30	5	0.73	0.00069	14
GO:0070987	error-free translesion synthesis	18	4	0.44	0.00079	14
GO:0006418	tRNA aminoacylation for protein translation	46	6	1.11	0.00079	14
GO:0006383	transcription from RNA polymerase III promoter	47	6	1.14	0.00089	14
GO:0002181	cytoplasmic translation	47	6	1.14	0.00089	14
GO:0006364	rRNA processing	240	39	5.3	1.6e-19	15
GO:0006413	translational initiation	167	30	3.69	6.3e-19	15
GO:0000184	nuclear-transcribed mRNA catabolic process, nonsense-mediated decay	114	25	2.52	1.6e-18	15
GO:0006614	SRP-dependent cotranslational protein targeting to membrane	93	23	2.05	2.2e-18	15
GO:0019083	viral transcription	168	28	3.71	3.8e-16	15
GO:0051436	negative regulation of ubiquitin-protein ligase activity involved in mitotic cell cycle	70	17	1.54	1.0e-13	15
GO:0051437	positive regulation of ubiquitin-protein ligase activity involved in regulation of mitotic cell cycle transition	72	17	1.59	1.7e-13	15
GO:0031145	anaphase-promoting complex-dependent catabolic process	74	17	1.63	2.7e-13	15
GO:0006521	regulation of cellular amino acid metabolic process	47	12	1.04	2.6e-10	15
GO:0006283	transcription-coupled nucleotide-excision repair	73	14	1.61	4.9e-10	15
GO:0002479	antigen processing and presentation of exogenous peptide antigen via MHC class I, TAP-dependent	50	12	1.1	5.6e-10	15
GO:0000387	spliceosomal snRNP assembly	37	10	0.82	4.6e-09	15
GO:0043488	regulation of mRNA stability	124	16	2.74	1.2e-08	15
GO:0060071	Wnt signaling pathway, planar cell polarity pathway	80	12	1.77	1.6e-07	15
GO:0038061	NIK/NF-kappaB signaling	86	12	1.9	3.5e-07	15
GO:0002223	stimulatory C-type lectin receptor signaling pathway	86	12	1.9	3.5e-07	15
GO:0000398	mRNA splicing, via spliceosome	268	33	5.91	3.8e-07	15
GO:0033209	tumor necrosis factor-mediated signaling pathway	111	13	2.45	9.0e-07	15
GO:0090263	positive regulation of canonical Wnt signaling pathway	96	12	2.12	1.2e-06	15
GO:0009263	deoxyribonucleotide biosynthetic process	11	5	0.24	2.1e-06	15
GO:0038095	Fc-epsilon receptor signaling pathway	102	12	2.25	2.3e-06	15
GO:0008334	histone mRNA metabolic process	21	6	0.46	4.4e-06	15
GO:0050852	T cell receptor signaling pathway	115	12	2.54	8.1e-06	15
GO:1904874	positive regulation of telomerase RNA localization to Cajal body	15	5	0.33	1.2e-05	15
GO:0000245	spliceosomal complex assembly	47	10	1.04	1.5e-05	15
GO:0032508	DNA duplex unwinding	68	9	1.5	1.7e-05	15
GO:0000470	maturation of LSU-rRNA	26	6	0.57	1.7e-05	15
GO:0090090	negative regulation of canonical Wnt signaling pathway	124	12	2.74	1.8e-05	15
GO:0000209	protein polyubiquitination	190	15	4.19	1.9e-05	15
GO:0042276	error-prone translesion synthesis	17	5	0.38	2.5e-05	15
GO:0070987	error-free translesion synthesis	18	5	0.4	3.4e-05	15
GO:0000722	telomere maintenance via recombination	30	6	0.66	4.1e-05	15
GO:0006418	tRNA aminoacylation for protein translation	46	7	1.02	5.9e-05	15
GO:0006370	7-methylguanosine mRNA capping	32	6	0.71	6.0e-05	15
GO:0016032	viral process	690	52	15.23	6.6e-05	15
GO:0001833	inner cell mass cell proliferation	11	4	0.24	6.7e-05	15
GO:0002181	cytoplasmic translation	47	7	1.04	6.8e-05	15
GO:0006271	DNA strand elongation involved in DNA replication	22	5	0.49	9.7e-05	15
GO:0042769	DNA damage response, detection of DNA damage	35	6	0.77	0.00010	15
GO:0042255	ribosome assembly	51	7	1.13	0.00012	15
GO:0006297	nucleotide-excision repair, DNA gap filling	23	5	0.51	0.00012	15
GO:0033260	nuclear DNA replication	24	5	0.53	0.00015	15
GO:0000083	regulation of transcription involved in G1/S transition of mitotic cell cycle	24	5	0.53	0.00015	15
GO:0006296	nucleotide-excision repair, DNA incision, 5'-to lesion	38	6	0.84	0.00016	15
GO:0007062	sister chromatid cohesion	115	10	2.54	0.00022	15
GO:0043968	histone H2A acetylation	15	4	0.33	0.00026	15
GO:0045292	mRNA cis splicing, via spliceosome	16	4	0.35	0.00034	15
GO:0006369	termination of RNA polymerase II transcription	61	7	1.35	0.00037	15
GO:0007067	mitotic nuclear division	363	19	8.01	0.00041	15
GO:0006383	transcription from RNA polymerase III promoter	47	6	1.04	0.00054	15
GO:0042795	snRNA transcription from RNA polymerase II promoter	66	7	1.46	0.00059	15
GO:0006368	transcription elongation from RNA polymerase II promoter	86	8	1.9	0.00060	15
GO:0006363	termination of RNA polymerase I transcription	32	5	0.71	0.00062	15
GO:0032481	positive regulation of type I interferon production	49	6	1.08	0.00068	15
GO:0006362	transcription elongation from RNA polymerase I promoter	33	5	0.73	0.00071	15
GO:0006361	transcription initiation from RNA polymerase I promoter	34	5	0.75	0.00082	15
GO:0015949	nucleobase-containing small molecule interconversion	20	4	0.44	0.00085	15
GO:0042273	ribosomal large subunit biogenesis	62	11	1.37	0.00095	15
GO:0006364	rRNA processing	240	63	9.45	< 1e-30	16
GO:0006413	translational initiation	167	51	6.58	8.3e-30	16
GO:0000184	nuclear-transcribed mRNA catabolic process, nonsense-mediated decay	114	40	4.49	5.3e-28	16
GO:0006614	SRP-dependent cotranslational protein targeting to membrane	93	36	3.66	4.9e-27	16
GO:0019083	viral transcription	168	49	6.61	7.6e-26	16
GO:0031145	anaphase-promoting complex-dependent catabolic process	74	25	2.91	2.0e-17	16
GO:0051437	positive regulation of ubiquitin-protein ligase activity involved in regulation of mitotic cell cycle transition	72	24	2.83	1.3e-16	16
GO:0051436	negative regulation of ubiquitin-protein ligase activity involved in mitotic cell cycle	70	23	2.76	8.1e-16	16
GO:0000398	mRNA splicing, via spliceosome	268	61	10.55	7.0e-15	16
GO:0051301	cell division	428	48	16.85	3.1e-11	16
GO:0006521	regulation of cellular amino acid metabolic process	47	15	1.85	1.5e-10	16
GO:0002479	antigen processing and presentation of exogenous peptide antigen via MHC class I, TAP-dependent	50	15	1.97	4.1e-10	16
GO:0007062	sister chromatid cohesion	115	22	4.53	5.2e-10	16
GO:0000387	spliceosomal snRNP assembly	37	14	1.46	1.3e-09	16
GO:0042795	snRNA transcription from RNA polymerase II promoter	66	16	2.6	3.4e-09	16
GO:0007067	mitotic nuclear division	363	50	14.29	9.2e-09	16
GO:0006283	transcription-coupled nucleotide-excision repair	73	16	2.87	1.6e-08	16
GO:0000245	spliceosomal complex assembly	47	14	1.85	2.2e-08	16
GO:0060071	Wnt signaling pathway, planar cell polarity pathway	80	16	3.15	6.5e-08	16
GO:0006383	transcription from RNA polymerase III promoter	47	12	1.85	1.7e-07	16
GO:0043488	regulation of mRNA stability	124	19	4.88	3.3e-07	16
GO:0000027	ribosomal large subunit assembly	21	8	0.83	6.9e-07	16
GO:0090263	positive regulation of canonical Wnt signaling pathway	96	16	3.78	8.9e-07	16
GO:0038061	NIK/NF-kappaB signaling	86	15	3.39	1.1e-06	16
GO:0002223	stimulatory C-type lectin receptor signaling pathway	86	15	3.39	1.1e-06	16
GO:0006418	tRNA aminoacylation for protein translation	46	11	1.81	1.2e-06	16
GO:0032508	DNA duplex unwinding	68	13	2.68	1.9e-06	16
GO:0032481	positive regulation of type I interferon production	49	11	1.93	2.3e-06	16
GO:0006370	7-methylguanosine mRNA capping	32	9	1.26	2.6e-06	16
GO:0033209	tumor necrosis factor-mediated signaling pathway	111	16	4.37	6.4e-06	16
GO:0002181	cytoplasmic translation	47	12	1.85	7.1e-06	16
GO:0006270	DNA replication initiation	36	9	1.42	7.5e-06	16
GO:0038095	Fc-epsilon receptor signaling pathway	102	15	4.02	9.7e-06	16
GO:0006353	DNA-templated transcription, termination	98	22	3.86	9.7e-06	16
GO:0050434	positive regulation of viral transcription	38	9	1.5	1.2e-05	16
GO:1904874	positive regulation of telomerase RNA localization to Cajal body	15	6	0.59	1.3e-05	16
GO:0006363	termination of RNA polymerase I transcription	32	8	1.26	2.5e-05	16
GO:0090090	negative regulation of canonical Wnt signaling pathway	124	16	4.88	2.7e-05	16
GO:0042276	error-prone translesion synthesis	17	6	0.67	3.1e-05	16
GO:0006362	transcription elongation from RNA polymerase I promoter	33	8	1.3	3.1e-05	16
GO:0006361	transcription initiation from RNA polymerase I promoter	34	8	1.34	3.9e-05	16
GO:0050852	T cell receptor signaling pathway	115	15	4.53	4.2e-05	16
GO:0007052	mitotic spindle organization	44	9	1.73	4.3e-05	16
GO:0006446	regulation of translational initiation	66	11	2.6	4.6e-05	16
GO:0000209	protein polyubiquitination	190	20	7.48	5.6e-05	16
GO:0016925	protein sumoylation	109	14	4.29	9.0e-05	16
GO:0042255	ribosome assembly	51	15	2.01	0.00011	16
GO:0006369	termination of RNA polymerase II transcription	61	10	2.4	0.00012	16
GO:0000722	telomere maintenance via recombination	30	7	1.18	0.00013	16
GO:0010501	RNA secondary structure unwinding	40	8	1.57	0.00014	16
GO:0006297	nucleotide-excision repair, DNA gap filling	23	6	0.91	0.00020	16
GO:0044772	mitotic cell cycle phase transition	420	54	16.54	0.00021	16
GO:0000070	mitotic sister chromatid segregation	123	18	4.84	0.00024	16
GO:0033260	nuclear DNA replication	24	6	0.94	0.00026	16
GO:0090307	mitotic spindle assembly	44	8	1.73	0.00027	16
GO:1903955	positive regulation of protein targeting to mitochondrion	68	10	2.68	0.00030	16
GO:1901998	toxin transport	25	6	0.98	0.00033	16
GO:2000573	positive regulation of DNA biosynthetic process	46	8	1.81	0.00038	16
GO:0019081	viral translation	10	4	0.39	0.00041	16
GO:0000470	maturation of LSU-rRNA	26	6	1.02	0.00042	16
GO:0034644	cellular response to UV	47	8	1.85	0.00044	16
GO:0070987	error-free translesion synthesis	18	5	0.71	0.00052	16
GO:0006368	transcription elongation from RNA polymerase II promoter	86	11	3.39	0.00052	16
GO:0031047	gene silencing by RNA	130	14	5.12	0.00058	16
GO:0001833	inner cell mass cell proliferation	11	4	0.43	0.00063	16
GO:0016032	viral process	690	89	27.17	0.00074	16
GO:0051170	nuclear import	200	18	7.87	0.00090	16
GO:0007077	mitotic nuclear envelope disassembly	41	7	1.61	0.00098	16
GO:0006614	SRP-dependent cotranslational protein targeting to membrane	93	30	2.05	1.6e-27	17
GO:0019083	viral transcription	168	37	3.71	1.2e-26	17
GO:0000184	nuclear-transcribed mRNA catabolic process, nonsense-mediated decay	114	31	2.52	7.3e-26	17
GO:0006364	rRNA processing	240	45	5.3	1.3e-25	17
GO:0006413	translational initiation	167	36	3.69	3.0e-24	17
GO:0051436	negative regulation of ubiquitin-protein ligase activity involved in mitotic cell cycle	70	17	1.54	1.0e-13	17
GO:0051437	positive regulation of ubiquitin-protein ligase activity involved in regulation of mitotic cell cycle transition	72	17	1.59	1.7e-13	17
GO:0031145	anaphase-promoting complex-dependent catabolic process	74	17	1.63	2.7e-13	17
GO:0051301	cell division	428	33	9.44	2.3e-10	17
GO:0007067	mitotic nuclear division	363	30	8.01	4.6e-08	17
GO:0006521	regulation of cellular amino acid metabolic process	47	10	1.04	5.6e-08	17
GO:0000387	spliceosomal snRNP assembly	37	9	0.82	7.6e-08	17
GO:0000398	mRNA splicing, via spliceosome	268	33	5.91	7.6e-08	17
GO:0002479	antigen processing and presentation of exogenous peptide antigen via MHC class I, TAP-dependent	50	10	1.1	1.0e-07	17
GO:0038061	NIK/NF-kappaB signaling	86	12	1.9	3.5e-07	17
GO:0043488	regulation of mRNA stability	124	14	2.74	5.3e-07	17
GO:0000245	spliceosomal complex assembly	47	9	1.04	6.9e-07	17
GO:0060071	Wnt signaling pathway, planar cell polarity pathway	80	11	1.77	1.3e-06	17
GO:0002223	stimulatory C-type lectin receptor signaling pathway	86	11	1.9	2.7e-06	17
GO:0006283	transcription-coupled nucleotide-excision repair	73	10	1.61	4.1e-06	17
GO:0000027	ribosomal large subunit assembly	21	6	0.46	4.4e-06	17
GO:0033209	tumor necrosis factor-mediated signaling pathway	111	12	2.45	5.6e-06	17
GO:0006418	tRNA aminoacylation for protein translation	46	8	1.02	6.2e-06	17
GO:0090263	positive regulation of canonical Wnt signaling pathway	96	11	2.12	7.9e-06	17
GO:0038095	Fc-epsilon receptor signaling pathway	102	11	2.25	1.4e-05	17
GO:0000209	protein polyubiquitination	190	15	4.19	1.9e-05	17
GO:0050852	T cell receptor signaling pathway	115	11	2.54	4.4e-05	17
GO:0090090	negative regulation of canonical Wnt signaling pathway	124	11	2.74	8.8e-05	17
GO:0031047	gene silencing by RNA	130	11	2.87	0.00014	17
GO:0075733	intracellular transport of virus	55	7	1.21	0.00019	17
GO:0000470	maturation of LSU-rRNA	26	5	0.57	0.00022	17
GO:1904874	positive regulation of telomerase RNA localization to Cajal body	15	4	0.33	0.00026	17
GO:0042255	ribosome assembly	51	11	1.13	0.00040	17
GO:0042276	error-prone translesion synthesis	17	4	0.38	0.00044	17
GO:2000573	positive regulation of DNA biosynthetic process	46	6	1.02	0.00048	17
GO:0006383	transcription from RNA polymerase III promoter	47	6	1.04	0.00054	17
GO:0070987	error-free translesion synthesis	18	4	0.4	0.00055	17
GO:0002181	cytoplasmic translation	47	8	1.04	0.00058	17
GO:0042795	snRNA transcription from RNA polymerase II promoter	66	7	1.46	0.00059	17
GO:0006370	7-methylguanosine mRNA capping	32	5	0.71	0.00062	17
GO:0015991	ATP hydrolysis coupled proton transport	20	4	0.44	0.00085	17
GO:0051170	nuclear import	200	15	4.41	0.00092	17
GO:0042769	DNA damage response, detection of DNA damage	35	5	0.77	0.00094	17
GO:0006417	regulation of translation	271	15	5.98	0.00096	17
GO:0007062	sister chromatid cohesion	115	9	2.54	0.00097	17
GO:0006413	translational initiation	167	49	6.83	1.1e-29	18
GO:0000184	nuclear-transcribed mRNA catabolic process, nonsense-mediated decay	114	41	4.66	1.6e-28	18
GO:0006614	SRP-dependent cotranslational protein targeting to membrane	93	37	3.8	1.1e-27	18
GO:0006364	rRNA processing	240	60	9.81	2.9e-26	18
GO:0019083	viral transcription	168	49	6.87	3.4e-25	18
GO:0051436	negative regulation of ubiquitin-protein ligase activity involved in mitotic cell cycle	70	29	2.86	1.7e-22	18
GO:0031145	anaphase-promoting complex-dependent catabolic process	74	29	3.03	1.1e-21	18
GO:0051437	positive regulation of ubiquitin-protein ligase activity involved in regulation of mitotic cell cycle transition	72	28	2.94	7.3e-21	18
GO:0000398	mRNA splicing, via spliceosome	268	61	10.96	3.2e-15	18
GO:0006521	regulation of cellular amino acid metabolic process	47	18	1.92	1.1e-13	18
GO:0002479	antigen processing and presentation of exogenous peptide antigen via MHC class I, TAP-dependent	50	18	2.04	3.7e-13	18
GO:0006283	transcription-coupled nucleotide-excision repair	73	20	2.98	6.1e-12	18
GO:0038061	NIK/NF-kappaB signaling	86	21	3.52	2.0e-11	18
GO:0060071	Wnt signaling pathway, planar cell polarity pathway	80	20	3.27	3.8e-11	18
GO:0051301	cell division	428	51	17.5	1.2e-10	18
GO:0043488	regulation of mRNA stability	124	23	5.07	8.3e-10	18
GO:0002223	stimulatory C-type lectin receptor signaling pathway	86	19	3.52	1.2e-09	18
GO:0090263	positive regulation of canonical Wnt signaling pathway	96	20	3.93	1.3e-09	18
GO:0033209	tumor necrosis factor-mediated signaling pathway	111	21	4.54	3.2e-09	18
GO:0007067	mitotic nuclear division	363	54	14.84	3.6e-09	18
GO:0038095	Fc-epsilon receptor signaling pathway	102	19	4.17	2.4e-08	18
GO:0042795	snRNA transcription from RNA polymerase II promoter	66	15	2.7	4.5e-08	18
GO:0006270	DNA replication initiation	36	11	1.47	1.1e-07	18
GO:0006369	termination of RNA polymerase II transcription	61	14	2.49	1.1e-07	18
GO:0090090	negative regulation of canonical Wnt signaling pathway	124	20	5.07	1.2e-07	18
GO:0042276	error-prone translesion synthesis	17	8	0.7	1.3e-07	18
GO:0050852	T cell receptor signaling pathway	115	19	4.7	1.8e-07	18
GO:0000245	spliceosomal complex assembly	47	14	1.92	4.5e-07	18
GO:0007062	sister chromatid cohesion	115	18	4.7	8.5e-07	18
GO:0042769	DNA damage response, detection of DNA damage	35	10	1.43	8.5e-07	18
GO:0006297	nucleotide-excision repair, DNA gap filling	23	8	0.94	2.1e-06	18
GO:0006383	transcription from RNA polymerase III promoter	47	11	1.92	2.1e-06	18
GO:0000209	protein polyubiquitination	190	26	7.77	2.6e-06	18
GO:0006370	7-methylguanosine mRNA capping	32	9	1.31	3.5e-06	18
GO:0070987	error-free translesion synthesis	18	7	0.74	3.9e-06	18
GO:0000387	spliceosomal snRNP assembly	37	11	1.51	5.6e-06	18
GO:0016032	viral process	690	90	28.21	8.2e-06	18
GO:0006418	tRNA aminoacylation for protein translation	46	10	1.88	1.3e-05	18
GO:0000027	ribosomal large subunit assembly	21	7	0.86	1.3e-05	18
GO:0050434	positive regulation of viral transcription	38	9	1.55	1.6e-05	18
GO:0032508	DNA duplex unwinding	68	12	2.78	1.7e-05	18
GO:0000722	telomere maintenance via recombination	30	8	1.23	1.9e-05	18
GO:0032481	positive regulation of type I interferon production	49	10	2	2.3e-05	18
GO:0006363	termination of RNA polymerase I transcription	32	8	1.31	3.2e-05	18
GO:0000083	regulation of transcription involved in G1/S transition of mitotic cell cycle	24	7	0.98	3.4e-05	18
GO:0006362	transcription elongation from RNA polymerase I promoter	33	8	1.35	4.1e-05	18
GO:0001833	inner cell mass cell proliferation	11	5	0.45	4.2e-05	18
GO:0006368	transcription elongation from RNA polymerase II promoter	86	13	3.52	4.2e-05	18
GO:0048024	regulation of mRNA splicing, via spliceosome	53	10	2.17	4.7e-05	18
GO:0006361	transcription initiation from RNA polymerase I promoter	34	8	1.39	5.2e-05	18
GO:0000462	maturation of SSU-rRNA from tricistronic rRNA transcript (SSU-rRNA, 5.8S rRNA, LSU-rRNA)	35	8	1.43	6.5e-05	18
GO:0000086	G2/M transition of mitotic cell cycle	147	17	6.01	0.00010	18
GO:0015991	ATP hydrolysis coupled proton transport	20	6	0.82	0.00011	18
GO:0006296	nucleotide-excision repair, DNA incision, 5'-to lesion	38	8	1.55	0.00012	18
GO:0042255	ribosome assembly	51	14	2.09	0.00015	18
GO:0006271	DNA strand elongation involved in DNA replication	22	6	0.9	0.00019	18
GO:0006406	mRNA export from nucleus	101	13	4.13	0.00023	18
GO:0006888	ER to Golgi vesicle-mediated transport	130	15	5.32	0.00026	18
GO:0031047	gene silencing by RNA	130	15	5.32	0.00026	18
GO:0033260	nuclear DNA replication	24	6	0.98	0.00032	18
GO:0016925	protein sumoylation	109	13	4.46	0.00048	18
GO:0051170	nuclear import	200	19	8.18	0.00053	18
GO:1901796	regulation of signal transduction by p53 class mediator	139	15	5.68	0.00054	18
GO:0002181	cytoplasmic translation	47	8	1.92	0.00056	18
GO:0009263	deoxyribonucleotide biosynthetic process	11	4	0.45	0.00072	18
GO:0000070	mitotic sister chromatid segregation	123	20	5.03	0.00074	18
GO:0007093	mitotic cell cycle checkpoint	129	14	5.27	0.00078	18
GO:0006379	mRNA cleavage	19	5	0.78	0.00080	18
GO:0006413	translational initiation	167	53	6.85	< 1e-30	19
GO:0006614	SRP-dependent cotranslational protein targeting to membrane	93	40	3.81	< 1e-30	19
GO:0000184	nuclear-transcribed mRNA catabolic process, nonsense-mediated decay	114	43	4.67	< 1e-30	19
GO:0019083	viral transcription	168	51	6.89	2.5e-27	19
GO:0006364	rRNA processing	240	57	9.84	1.5e-22	19
GO:0031145	anaphase-promoting complex-dependent catabolic process	74	28	3.03	1.9e-20	19
GO:0051437	positive regulation of ubiquitin-protein ligase activity involved in regulation of mitotic cell cycle transition	72	27	2.95	1.2e-19	19
GO:0051436	negative regulation of ubiquitin-protein ligase activity involved in mitotic cell cycle	70	26	2.87	7.8e-19	19
GO:0000398	mRNA splicing, via spliceosome	268	64	10.99	3.8e-15	19
GO:0051301	cell division	428	53	17.55	2.4e-13	19
GO:0006283	transcription-coupled nucleotide-excision repair	73	21	2.99	6.5e-13	19
GO:0007062	sister chromatid cohesion	115	23	4.71	1.8e-10	19
GO:0006369	termination of RNA polymerase II transcription	61	17	2.5	1.9e-10	19
GO:0006521	regulation of cellular amino acid metabolic process	47	15	1.93	2.7e-10	19
GO:0007067	mitotic nuclear division	363	56	14.88	4.8e-10	19
GO:0002479	antigen processing and presentation of exogenous peptide antigen via MHC class I, TAP-dependent	50	15	2.05	7.1e-10	19
GO:0038061	NIK/NF-kappaB signaling	86	18	3.53	8.5e-09	19
GO:0060071	Wnt signaling pathway, planar cell polarity pathway	80	17	3.28	1.7e-08	19
GO:0006406	mRNA export from nucleus	101	19	4.14	2.1e-08	19
GO:0006418	tRNA aminoacylation for protein translation	46	13	1.89	2.2e-08	19
GO:0006370	7-methylguanosine mRNA capping	32	11	1.31	2.8e-08	19
GO:0000387	spliceosomal snRNP assembly	37	13	1.52	3.3e-08	19
GO:0006270	DNA replication initiation	36	11	1.48	1.1e-07	19
GO:0090263	positive regulation of canonical Wnt signaling pathway	96	17	3.94	2.9e-07	19
GO:0002223	stimulatory C-type lectin receptor signaling pathway	86	16	3.53	3.2e-07	19
GO:0032508	DNA duplex unwinding	68	14	2.79	4.9e-07	19
GO:0033209	tumor necrosis factor-mediated signaling pathway	111	18	4.55	5.1e-07	19
GO:0031124	mRNA 3'-end processing	79	15	3.24	5.8e-07	19
GO:0043488	regulation of mRNA stability	124	19	5.08	6.1e-07	19
GO:0042769	DNA damage response, detection of DNA damage	35	10	1.43	8.7e-07	19
GO:0007052	mitotic spindle organization	44	11	1.8	1.1e-06	19
GO:0000722	telomere maintenance via recombination	30	9	1.23	2.0e-06	19
GO:0006297	nucleotide-excision repair, DNA gap filling	23	8	0.94	2.1e-06	19
GO:0042795	snRNA transcription from RNA polymerase II promoter	66	13	2.71	2.1e-06	19
GO:0042276	error-prone translesion synthesis	17	7	0.7	2.5e-06	19
GO:0033260	nuclear DNA replication	24	8	0.98	3.1e-06	19
GO:0038095	Fc-epsilon receptor signaling pathway	102	16	4.18	3.5e-06	19
GO:0070987	error-free translesion synthesis	18	7	0.74	4.0e-06	19
GO:0000245	spliceosomal complex assembly	47	15	1.93	5.4e-06	19
GO:0048024	regulation of mRNA splicing, via spliceosome	53	11	2.17	7.7e-06	19
GO:0016925	protein sumoylation	109	16	4.47	8.4e-06	19
GO:0006368	transcription elongation from RNA polymerase II promoter	86	14	3.53	9.2e-06	19
GO:0051225	spindle assembly	72	16	2.95	9.9e-06	19
GO:0075733	intracellular transport of virus	55	11	2.25	1.1e-05	19
GO:0000027	ribosomal large subunit assembly	21	7	0.86	1.3e-05	19
GO:0006376	mRNA splice site selection	21	7	0.86	1.3e-05	19
GO:0002181	cytoplasmic translation	47	10	1.93	1.6e-05	19
GO:0050434	positive regulation of viral transcription	38	9	1.56	1.7e-05	19
GO:0050852	T cell receptor signaling pathway	115	16	4.71	1.7e-05	19
GO:0031047	gene silencing by RNA	130	17	5.33	2.1e-05	19
GO:0000082	G1/S transition of mitotic cell cycle	189	25	7.75	3.6e-05	19
GO:0090090	negative regulation of canonical Wnt signaling pathway	124	16	5.08	4.4e-05	19
GO:0006446	regulation of translational initiation	66	11	2.71	6.7e-05	19
GO:0007080	mitotic metaphase plate congression	37	8	1.52	0.00010	19
GO:0033572	transferrin transport	28	7	1.15	0.00010	19
GO:0015991	ATP hydrolysis coupled proton transport	20	6	0.82	0.00011	19
GO:0000209	protein polyubiquitination	190	24	7.79	0.00011	19
GO:0006296	nucleotide-excision repair, DNA incision, 5'-to lesion	38	8	1.56	0.00012	19
GO:0032481	positive regulation of type I interferon production	49	9	2.01	0.00014	19
GO:0008334	histone mRNA metabolic process	21	6	0.86	0.00015	19
GO:0042255	ribosome assembly	51	14	2.09	0.00015	19
GO:0016032	viral process	690	90	28.29	0.00019	19
GO:0006271	DNA strand elongation involved in DNA replication	22	6	0.9	0.00019	19
GO:1904874	positive regulation of telomerase RNA localization to Cajal body	15	5	0.61	0.00024	19
GO:0007093	mitotic cell cycle checkpoint	129	15	5.29	0.00025	19
GO:0033120	positive regulation of RNA splicing	23	6	0.94	0.00025	19
GO:0006363	termination of RNA polymerase I transcription	32	7	1.31	0.00025	19
GO:0030071	regulation of mitotic metaphase/anaphase transition	43	8	1.76	0.00030	19
GO:0006362	transcription elongation from RNA polymerase I promoter	33	7	1.35	0.00031	19
GO:0000083	regulation of transcription involved in G1/S transition of mitotic cell cycle	24	6	0.98	0.00033	19
GO:0000086	G2/M transition of mitotic cell cycle	147	16	6.03	0.00033	19
GO:0045292	mRNA cis splicing, via spliceosome	16	5	0.66	0.00034	19
GO:0090307	mitotic spindle assembly	44	8	1.8	0.00036	19
GO:0006361	transcription initiation from RNA polymerase I promoter	34	7	1.39	0.00038	19
GO:0000462	maturation of SSU-rRNA from tricistronic rRNA transcript (SSU-rRNA, 5.8S rRNA, LSU-rRNA)	35	7	1.43	0.00046	19
GO:0000470	maturation of LSU-rRNA	26	6	1.07	0.00052	19
GO:0070979	protein K11-linked ubiquitination	26	6	1.07	0.00052	19
GO:0034605	cellular response to heat	84	11	3.44	0.00060	19
GO:0008543	fibroblast growth factor receptor signaling pathway	72	10	2.95	0.00066	19
GO:0009263	deoxyribonucleotide biosynthetic process	11	4	0.45	0.00073	19
GO:0001833	inner cell mass cell proliferation	11	4	0.45	0.00073	19
GO:0000724	double-strand break repair via homologous recombination	73	10	2.99	0.00074	19
GO:0051297	centrosome organization	88	11	3.61	0.00089	19
GO:0006614	SRP-dependent cotranslational protein targeting to membrane	93	30	2.11	3.8e-27	20
GO:0000184	nuclear-transcribed mRNA catabolic process, nonsense-mediated decay	114	31	2.59	1.8e-25	20
GO:0006413	translational initiation	167	34	3.79	2.3e-23	20
GO:0019083	viral transcription	168	36	3.82	1.0e-22	20
GO:0006364	rRNA processing	240	39	5.45	5.7e-21	20
GO:0031145	anaphase-promoting complex-dependent catabolic process	74	18	1.68	3.0e-14	20
GO:0051436	negative regulation of ubiquitin-protein ligase activity involved in mitotic cell cycle	70	17	1.59	1.6e-13	20
GO:0051437	positive regulation of ubiquitin-protein ligase activity involved in regulation of mitotic cell cycle transition	72	17	1.64	2.7e-13	20
GO:0006521	regulation of cellular amino acid metabolic process	47	12	1.07	3.6e-10	20
GO:0002479	antigen processing and presentation of exogenous peptide antigen via MHC class I, TAP-dependent	50	12	1.14	7.8e-10	20
GO:0006283	transcription-coupled nucleotide-excision repair	73	13	1.66	7.7e-09	20
GO:0060071	Wnt signaling pathway, planar cell polarity pathway	80	13	1.82	2.4e-08	20
GO:0038061	NIK/NF-kappaB signaling	86	13	1.95	6.0e-08	20
GO:0002223	stimulatory C-type lectin receptor signaling pathway	86	13	1.95	6.0e-08	20
GO:0043488	regulation of mRNA stability	124	15	2.82	1.2e-07	20
GO:0033209	tumor necrosis factor-mediated signaling pathway	111	14	2.52	1.9e-07	20
GO:0090263	positive regulation of canonical Wnt signaling pathway	96	13	2.18	2.3e-07	20
GO:0042795	snRNA transcription from RNA polymerase II promoter	66	11	1.5	2.3e-07	20
GO:0000398	mRNA splicing, via spliceosome	268	33	6.09	2.4e-07	20
GO:0006370	7-methylguanosine mRNA capping	32	8	0.73	4.1e-07	20
GO:0038095	Fc-epsilon receptor signaling pathway	102	13	2.32	4.7e-07	20
GO:0000387	spliceosomal snRNP assembly	37	8	0.84	1.4e-06	20
GO:0007067	mitotic nuclear division	363	29	8.25	1.7e-06	20
GO:0050852	T cell receptor signaling pathway	115	13	2.61	1.9e-06	20
GO:0009263	deoxyribonucleotide biosynthetic process	11	5	0.25	2.4e-06	20
GO:0032508	DNA duplex unwinding	68	10	1.54	2.7e-06	20
GO:0051301	cell division	428	26	9.72	4.1e-06	20
GO:0090090	negative regulation of canonical Wnt signaling pathway	124	13	2.82	4.4e-06	20
GO:0000027	ribosomal large subunit assembly	21	6	0.48	5.2e-06	20
GO:0000209	protein polyubiquitination	190	16	4.32	6.3e-06	20
GO:0000245	spliceosomal complex assembly	47	8	1.07	9.1e-06	20
GO:0006383	transcription from RNA polymerase III promoter	47	8	1.07	9.1e-06	20
GO:0042276	error-prone translesion synthesis	17	5	0.39	2.9e-05	20
GO:0070987	error-free translesion synthesis	18	5	0.41	3.9e-05	20
GO:0007052	mitotic spindle organization	44	7	1	5.3e-05	20
GO:0016032	viral process	690	62	15.67	5.9e-05	20
GO:0015991	ATP hydrolysis coupled proton transport	20	5	0.45	6.8e-05	20
GO:0001833	inner cell mass cell proliferation	11	4	0.25	7.5e-05	20
GO:0006890	retrograde vesicle-mediated transport, Golgi to ER	66	8	1.5	0.00011	20
GO:0006270	DNA replication initiation	36	6	0.82	0.00014	20
GO:0000083	regulation of transcription involved in G1/S transition of mitotic cell cycle	24	5	0.55	0.00017	20
GO:0050434	positive regulation of viral transcription	38	6	0.86	0.00019	20
GO:1901998	toxin transport	25	5	0.57	0.00021	20
GO:0007062	sister chromatid cohesion	115	10	2.61	0.00028	20
GO:0006418	tRNA aminoacylation for protein translation	46	6	1.04	0.00056	20
GO:0002181	cytoplasmic translation	47	6	1.07	0.00063	20
GO:0022618	ribonucleoprotein complex assembly	183	27	4.16	0.00069	20
GO:0006368	transcription elongation from RNA polymerase II promoter	86	8	1.95	0.00072	20
GO:0006888	ER to Golgi vesicle-mediated transport	130	10	2.95	0.00073	20
GO:0032481	positive regulation of type I interferon production	49	6	1.11	0.00079	20
GO:0043484	regulation of RNA splicing	82	10	1.86	0.00086	20
GO:0015949	nucleobase-containing small molecule interconversion	20	4	0.45	0.00094	20
GO:0031145	anaphase-promoting complex-dependent catabolic process	74	18	1.58	1.1e-14	21
GO:0051437	positive regulation of ubiquitin-protein ligase activity involved in regulation of mitotic cell cycle transition	72	17	1.54	1.0e-13	21
GO:0051436	negative regulation of ubiquitin-protein ligase activity involved in mitotic cell cycle	70	16	1.5	9.6e-13	21
GO:0006283	transcription-coupled nucleotide-excision repair	73	15	1.56	2.6e-11	21
GO:0006364	rRNA processing	240	24	5.14	2.6e-10	21
GO:0000398	mRNA splicing, via spliceosome	268	37	5.74	3.3e-09	21
GO:0051301	cell division	428	30	9.17	7.5e-09	21
GO:0006614	SRP-dependent cotranslational protein targeting to membrane	93	14	1.99	9.1e-09	21
GO:0000184	nuclear-transcribed mRNA catabolic process, nonsense-mediated decay	114	15	2.44	1.7e-08	21
GO:0006521	regulation of cellular amino acid metabolic process	47	10	1.01	4.2e-08	21
GO:0006383	transcription from RNA polymerase III promoter	47	10	1.01	4.2e-08	21
GO:0019083	viral transcription	168	21	3.6	7.3e-08	21
GO:0002479	antigen processing and presentation of exogenous peptide antigen via MHC class I, TAP-dependent	50	10	1.07	7.9e-08	21
GO:0006413	translational initiation	167	19	3.58	1.2e-07	21
GO:0042795	snRNA transcription from RNA polymerase II promoter	66	11	1.41	1.3e-07	21
GO:0000387	spliceosomal snRNP assembly	37	8	0.79	8.7e-07	21
GO:0009263	deoxyribonucleotide biosynthetic process	11	5	0.24	1.8e-06	21
GO:0000722	telomere maintenance via recombination	30	7	0.64	2.5e-06	21
GO:0006370	7-methylguanosine mRNA capping	32	7	0.69	4.0e-06	21
GO:0033209	tumor necrosis factor-mediated signaling pathway	111	12	2.38	4.1e-06	21
GO:0090263	positive regulation of canonical Wnt signaling pathway	96	11	2.06	5.9e-06	21
GO:0007062	sister chromatid cohesion	115	12	2.46	6.0e-06	21
GO:0006297	nucleotide-excision repair, DNA gap filling	23	6	0.49	6.7e-06	21
GO:0060071	Wnt signaling pathway, planar cell polarity pathway	80	10	1.71	7.2e-06	21
GO:0042769	DNA damage response, detection of DNA damage	35	7	0.75	7.5e-06	21
GO:0032481	positive regulation of type I interferon production	49	8	1.05	8.2e-06	21
GO:0000209	protein polyubiquitination	190	15	4.07	1.3e-05	21
GO:0000245	spliceosomal complex assembly	47	9	1.01	1.3e-05	21
GO:0038061	NIK/NF-kappaB signaling	86	10	1.84	1.4e-05	21
GO:0002223	stimulatory C-type lectin receptor signaling pathway	86	10	1.84	1.4e-05	21
GO:0042276	error-prone translesion synthesis	17	5	0.36	2.1e-05	21
GO:0016032	viral process	690	48	14.78	2.7e-05	21
GO:0070987	error-free translesion synthesis	18	5	0.39	2.9e-05	21
GO:0015991	ATP hydrolysis coupled proton transport	20	5	0.43	5.1e-05	21
GO:0001833	inner cell mass cell proliferation	11	4	0.24	6.0e-05	21
GO:0038095	Fc-epsilon receptor signaling pathway	102	10	2.18	6.2e-05	21
GO:0043488	regulation of mRNA stability	124	11	2.66	6.7e-05	21
GO:0090383	phagosome acidification	22	5	0.47	8.4e-05	21
GO:0006271	DNA strand elongation involved in DNA replication	22	5	0.47	8.4e-05	21
GO:0006368	transcription elongation from RNA polymerase II promoter	86	9	1.84	8.7e-05	21
GO:0016925	protein sumoylation	109	10	2.33	0.00011	21
GO:0033260	nuclear DNA replication	24	5	0.51	0.00013	21
GO:0000083	regulation of transcription involved in G1/S transition of mitotic cell cycle	24	5	0.51	0.00013	21
GO:0050434	positive regulation of viral transcription	38	6	0.81	0.00014	21
GO:0006296	nucleotide-excision repair, DNA incision, 5'-to lesion	38	6	0.81	0.00014	21
GO:0050852	T cell receptor signaling pathway	115	10	2.46	0.00017	21
GO:0007067	mitotic nuclear division	363	27	7.77	0.00018	21
GO:0030071	regulation of mitotic metaphase/anaphase transition	43	6	0.92	0.00028	21
GO:0033572	transferrin transport	28	5	0.6	0.00028	21
GO:0090090	negative regulation of canonical Wnt signaling pathway	124	10	2.66	0.00032	21
GO:0090307	mitotic spindle assembly	44	6	0.94	0.00032	21
GO:0007052	mitotic spindle organization	44	6	0.94	0.00032	21
GO:0006418	tRNA aminoacylation for protein translation	46	6	0.99	0.00041	21
GO:2000573	positive regulation of DNA biosynthetic process	46	6	0.99	0.00041	21
GO:0031047	gene silencing by RNA	130	10	2.78	0.00046	21
GO:0006363	termination of RNA polymerase I transcription	32	5	0.69	0.00054	21
GO:0006362	transcription elongation from RNA polymerase I promoter	33	5	0.71	0.00062	21
GO:0006361	transcription initiation from RNA polymerase I promoter	34	5	0.73	0.00072	21
GO:0015949	nucleobase-containing small molecule interconversion	20	4	0.43	0.00076	21
GO:0006260	DNA replication	247	24	5.29	0.00085	21
GO:0006261	DNA-dependent DNA replication	123	15	2.63	0.00088	21
GO:0033120	positive regulation of RNA splicing	23	6	0.49	0.00100	21
GO:0006614	SRP-dependent cotranslational protein targeting to membrane	93	39	3.84	5.2e-30	22
GO:0000184	nuclear-transcribed mRNA catabolic process, nonsense-mediated decay	114	42	4.71	1.7e-29	22
GO:0006413	translational initiation	167	49	6.9	1.7e-29	22
GO:0006364	rRNA processing	240	66	9.92	1.2e-27	22
GO:0019083	viral transcription	168	49	6.94	5.3e-22	22
GO:0031145	anaphase-promoting complex-dependent catabolic process	74	26	3.06	4.9e-18	22
GO:0051437	positive regulation of ubiquitin-protein ligase activity involved in regulation of mitotic cell cycle transition	72	25	2.98	3.0e-17	22
GO:0051436	negative regulation of ubiquitin-protein ligase activity involved in mitotic cell cycle	70	24	2.89	1.8e-16	22
GO:0000398	mRNA splicing, via spliceosome	268	62	11.07	5.8e-16	22
GO:0042795	snRNA transcription from RNA polymerase II promoter	66	17	2.73	8.2e-10	22
GO:0006521	regulation of cellular amino acid metabolic process	47	14	1.94	3.3e-09	22
GO:0006283	transcription-coupled nucleotide-excision repair	73	17	3.02	4.4e-09	22
GO:0051301	cell division	428	50	17.68	6.4e-09	22
GO:0002479	antigen processing and presentation of exogenous peptide antigen via MHC class I, TAP-dependent	50	14	2.07	8.1e-09	22
GO:0006369	termination of RNA polymerase II transcription	61	15	2.52	1.6e-08	22
GO:0050434	positive regulation of viral transcription	38	12	1.57	2.1e-08	22
GO:0006370	7-methylguanosine mRNA capping	32	11	1.32	3.1e-08	22
GO:0000387	spliceosomal snRNP assembly	37	13	1.53	3.6e-08	22
GO:0038061	NIK/NF-kappaB signaling	86	17	3.55	6.1e-08	22
GO:0060071	Wnt signaling pathway, planar cell polarity pathway	80	16	3.31	1.3e-07	22
GO:0043488	regulation of mRNA stability	124	20	5.12	1.5e-07	22
GO:0007062	sister chromatid cohesion	115	19	4.75	2.1e-07	22
GO:0007067	mitotic nuclear division	363	53	15	2.1e-07	22
GO:0006368	transcription elongation from RNA polymerase II promoter	86	16	3.55	3.6e-07	22
GO:0033209	tumor necrosis factor-mediated signaling pathway	111	18	4.59	5.8e-07	22
GO:0000027	ribosomal large subunit assembly	21	8	0.87	1.0e-06	22
GO:0006270	DNA replication initiation	36	10	1.49	1.3e-06	22
GO:0090263	positive regulation of canonical Wnt signaling pathway	96	16	3.97	1.7e-06	22
GO:0006418	tRNA aminoacylation for protein translation	46	11	1.9	1.9e-06	22
GO:0002223	stimulatory C-type lectin receptor signaling pathway	86	15	3.55	2.0e-06	22
GO:0006383	transcription from RNA polymerase III promoter	47	11	1.94	2.4e-06	22
GO:0000470	maturation of LSU-rRNA	26	8	1.07	6.4e-06	22
GO:0007052	mitotic spindle organization	44	10	1.82	9.1e-06	22
GO:0002181	cytoplasmic translation	47	10	1.94	1.7e-05	22
GO:0038095	Fc-epsilon receptor signaling pathway	102	15	4.21	1.7e-05	22
GO:0032508	DNA duplex unwinding	68	12	2.81	1.9e-05	22
GO:0032481	positive regulation of type I interferon production	49	10	2.02	2.5e-05	22
GO:0006378	mRNA polyadenylation	32	8	1.32	3.5e-05	22
GO:0000083	regulation of transcription involved in G1/S transition of mitotic cell cycle	24	7	0.99	3.7e-05	22
GO:0009263	deoxyribonucleotide biosynthetic process	11	5	0.45	4.4e-05	22
GO:0016032	viral process	690	92	28.51	4.4e-05	22
GO:0000245	spliceosomal complex assembly	47	12	1.94	6.0e-05	22
GO:0042769	DNA damage response, detection of DNA damage	35	8	1.45	7.0e-05	22
GO:0000462	maturation of SSU-rRNA from tricistronic rRNA transcript (SSU-rRNA, 5.8S rRNA, LSU-rRNA)	35	8	1.45	7.0e-05	22
GO:0050852	T cell receptor signaling pathway	115	15	4.75	7.3e-05	22
GO:0006888	ER to Golgi vesicle-mediated transport	130	16	5.37	8.6e-05	22
GO:0007080	mitotic metaphase plate congression	37	8	1.53	0.00011	22
GO:0000209	protein polyubiquitination	190	23	7.85	0.00012	22
GO:0008334	histone mRNA metabolic process	21	6	0.87	0.00015	22
GO:0042255	ribosome assembly	51	15	2.11	0.00015	22
GO:0090090	negative regulation of canonical Wnt signaling pathway	124	15	5.12	0.00017	22
GO:0000722	telomere maintenance via recombination	30	7	1.24	0.00017	22
GO:0048024	regulation of mRNA splicing, via spliceosome	53	12	2.19	0.00018	22
GO:0016180	snRNA processing	22	6	0.91	0.00020	22
GO:0006271	DNA strand elongation involved in DNA replication	22	6	0.91	0.00020	22
GO:1904874	positive regulation of telomerase RNA localization to Cajal body	15	5	0.62	0.00025	22
GO:0006297	nucleotide-excision repair, DNA gap filling	23	6	0.95	0.00027	22
GO:0006363	termination of RNA polymerase I transcription	32	7	1.32	0.00027	22
GO:0007093	mitotic cell cycle checkpoint	129	15	5.33	0.00027	22
GO:0030071	regulation of mitotic metaphase/anaphase transition	43	8	1.78	0.00032	22
GO:0006362	transcription elongation from RNA polymerase I promoter	33	7	1.36	0.00033	22
GO:0033260	nuclear DNA replication	24	6	0.99	0.00034	22
GO:0006361	transcription initiation from RNA polymerase I promoter	34	7	1.4	0.00040	22
GO:0042276	error-prone translesion synthesis	17	5	0.7	0.00048	22
GO:0043628	ncRNA 3'-end processing	17	5	0.7	0.00048	22
GO:0031124	mRNA 3'-end processing	79	16	3.26	0.00054	22
GO:0051170	nuclear import	200	19	8.26	0.00060	22
GO:0034644	cellular response to UV	47	8	1.94	0.00060	22
GO:0070987	error-free translesion synthesis	18	5	0.74	0.00064	22
GO:0000054	ribosomal subunit export from nucleus	11	4	0.45	0.00075	22
GO:0001833	inner cell mass cell proliferation	11	4	0.45	0.00075	22
GO:0033572	transferrin transport	28	6	1.16	0.00083	22
GO:0006379	mRNA cleavage	19	5	0.79	0.00084	22
GO:0006406	mRNA export from nucleus	101	12	4.17	0.00089	22
GO:0050684	regulation of mRNA processing	81	19	3.35	0.00095	22
GO:0006413	translational initiation	167	56	7.04	< 1e-30	23
GO:0000184	nuclear-transcribed mRNA catabolic process, nonsense-mediated decay	114	43	4.81	2.6e-30	23
GO:0006614	SRP-dependent cotranslational protein targeting to membrane	93	39	3.92	1.2e-29	23
GO:0006364	rRNA processing	240	67	10.12	1.3e-29	23
GO:0019083	viral transcription	168	52	7.09	7.3e-27	23
GO:0031145	anaphase-promoting complex-dependent catabolic process	74	32	3.12	5.1e-25	23
GO:0051437	positive regulation of ubiquitin-protein ligase activity involved in regulation of mitotic cell cycle transition	72	31	3.04	3.4e-24	23
GO:0051436	negative regulation of ubiquitin-protein ligase activity involved in mitotic cell cycle	70	30	2.95	2.2e-23	23
GO:0006521	regulation of cellular amino acid metabolic process	47	19	1.98	1.2e-14	23
GO:0002479	antigen processing and presentation of exogenous peptide antigen via MHC class I, TAP-dependent	50	19	2.11	4.5e-14	23
GO:0000398	mRNA splicing, via spliceosome	268	61	11.31	2.8e-13	23
GO:0051301	cell division	428	53	18.06	7.8e-13	23
GO:0060071	Wnt signaling pathway, planar cell polarity pathway	80	21	3.37	8.1e-12	23
GO:0038061	NIK/NF-kappaB signaling	86	21	3.63	3.6e-11	23
GO:0006283	transcription-coupled nucleotide-excision repair	73	19	3.08	9.6e-11	23
GO:0007067	mitotic nuclear division	363	55	15.31	2.2e-10	23
GO:0002223	stimulatory C-type lectin receptor signaling pathway	86	20	3.63	2.8e-10	23
GO:0090263	positive regulation of canonical Wnt signaling pathway	96	21	4.05	3.3e-10	23
GO:0033209	tumor necrosis factor-mediated signaling pathway	111	22	4.68	9.4e-10	23
GO:0042795	snRNA transcription from RNA polymerase II promoter	66	17	2.78	1.1e-09	23
GO:0043488	regulation of mRNA stability	124	23	5.23	1.5e-09	23
GO:0007062	sister chromatid cohesion	115	22	4.85	1.9e-09	23
GO:0038095	Fc-epsilon receptor signaling pathway	102	20	4.3	6.8e-09	23
GO:0090090	negative regulation of canonical Wnt signaling pathway	124	21	5.23	4.3e-08	23
GO:0050852	T cell receptor signaling pathway	115	20	4.85	5.7e-08	23
GO:0042769	DNA damage response, detection of DNA damage	35	11	1.48	1.1e-07	23
GO:0042276	error-prone translesion synthesis	17	8	0.72	1.6e-07	23
GO:0006370	7-methylguanosine mRNA capping	32	10	1.35	4.5e-07	23
GO:0006446	regulation of translational initiation	66	14	2.78	4.7e-07	23
GO:0000387	spliceosomal snRNP assembly	37	13	1.56	5.9e-07	23
GO:0000209	protein polyubiquitination	190	28	8.02	1.1e-06	23
GO:0000462	maturation of SSU-rRNA from tricistronic rRNA transcript (SSU-rRNA, 5.8S rRNA, LSU-rRNA)	35	10	1.48	1.1e-06	23
GO:0001731	formation of translation preinitiation complex	21	8	0.89	1.2e-06	23
GO:0006368	transcription elongation from RNA polymerase II promoter	86	15	3.63	2.6e-06	23
GO:0050434	positive regulation of viral transcription	38	10	1.6	2.6e-06	23
GO:0006297	nucleotide-excision repair, DNA gap filling	23	8	0.97	2.6e-06	23
GO:0006383	transcription from RNA polymerase III promoter	47	11	1.98	2.9e-06	23
GO:0006363	termination of RNA polymerase I transcription	32	9	1.35	4.6e-06	23
GO:0070987	error-free translesion synthesis	18	7	0.76	4.8e-06	23
GO:0006362	transcription elongation from RNA polymerase I promoter	33	9	1.39	6.0e-06	23
GO:0000245	spliceosomal complex assembly	47	13	1.98	6.9e-06	23
GO:0006369	termination of RNA polymerase II transcription	61	12	2.57	7.2e-06	23
GO:0006361	transcription initiation from RNA polymerase I promoter	34	9	1.43	7.9e-06	23
GO:0007052	mitotic spindle organization	44	10	1.86	1.1e-05	23
GO:0016925	protein sumoylation	109	16	4.6	1.2e-05	23
GO:0033572	transferrin transport	28	8	1.18	1.4e-05	23
GO:0000027	ribosomal large subunit assembly	21	7	0.89	1.6e-05	23
GO:0006418	tRNA aminoacylation for protein translation	46	10	1.94	1.7e-05	23
GO:0006296	nucleotide-excision repair, DNA incision, 5'-to lesion	38	9	1.6	2.1e-05	23
GO:0032508	DNA duplex unwinding	68	12	2.87	2.3e-05	23
GO:0031124	mRNA 3'-end processing	79	13	3.33	2.3e-05	23
GO:0000722	telomere maintenance via recombination	30	8	1.27	2.4e-05	23
GO:0032481	positive regulation of type I interferon production	49	10	2.07	3.0e-05	23
GO:0048024	regulation of mRNA splicing, via spliceosome	53	13	2.24	3.1e-05	23
GO:0000086	G2/M transition of mitotic cell cycle	147	18	6.2	4.4e-05	23
GO:0009263	deoxyribonucleotide biosynthetic process	11	5	0.46	4.9e-05	23
GO:0006406	mRNA export from nucleus	101	14	4.26	8.1e-05	23
GO:0016032	viral process	690	94	29.11	9.7e-05	23
GO:0015991	ATP hydrolysis coupled proton transport	20	6	0.84	0.00013	23
GO:0090383	phagosome acidification	22	6	0.93	0.00023	23
GO:0006271	DNA strand elongation involved in DNA replication	22	6	0.93	0.00023	23
GO:1904874	positive regulation of telomerase RNA localization to Cajal body	15	5	0.63	0.00028	23
GO:0002181	cytoplasmic translation	47	12	1.98	0.00028	23
GO:0051170	nuclear import	200	20	8.44	0.00029	23
GO:0033260	nuclear DNA replication	24	6	1.01	0.00038	23
GO:0019081	viral translation	10	4	0.42	0.00053	23
GO:2000573	positive regulation of DNA biosynthetic process	46	8	1.94	0.00060	23
GO:0000470	maturation of LSU-rRNA	26	6	1.1	0.00061	23
GO:0070979	protein K11-linked ubiquitination	26	6	1.1	0.00061	23
GO:0006270	DNA replication initiation	36	7	1.52	0.00065	23
GO:0034644	cellular response to UV	47	8	1.98	0.00069	23
GO:0007346	regulation of mitotic cell cycle	388	57	16.37	0.00073	23
GO:0007080	mitotic metaphase plate congression	37	7	1.56	0.00077	23
GO:0000054	ribosomal subunit export from nucleus	11	4	0.46	0.00081	23
GO:0001833	inner cell mass cell proliferation	11	4	0.46	0.00081	23
GO:0000244	spliceosomal tri-snRNP complex assembly	11	4	0.46	0.00081	23
GO:0000724	double-strand break repair via homologous recombination	73	10	3.08	0.00092	23
